latitude,longitude,altitude_ft,pitch_deg,roll_deg,yaw_deg,log_timestamp_abs,video_filename,frame_filename,frame_index,expected_frame_time_s_relative_to_video_start,frame_absolute_datetime
2.98863993873634,101.72211583183255,185,2.4,-5.8,6.4,2026-01-15 10:49:12.720,DJI_20260115104912_0003_D.MP4,frame_00001.jpg,0,0.0,2026-01-15 10:49:12
2.98864008113077,101.7221159045288,185,2.3,-5.8,6.4,2026-01-15 10:49:13.020,DJI_20260115104912_0003_D.MP4,frame_00002.jpg,1,1.0,2026-01-15 10:49:13
2.98863990087122,101.72211602338642,185,2.3,-5.8,6.3,2026-01-15 10:49:14.040,DJI_20260115104912_0003_D.MP4,frame_00003.jpg,2,2.0,2026-01-15 10:49:14
2.9886399124887,101.72211612515332,185,2.3,-5.8,6.4,2026-01-15 10:49:15.020,DJI_20260115104912_0003_D.MP4,frame_00004.jpg,3,3.0,2026-01-15 10:49:15
2.98863990271207,101.72211622398846,185,2.3,-5.8,6.6,2026-01-15 10:49:16.020,DJI_20260115104912_0003_D.MP4,frame_00005.jpg,4,4.0,2026-01-15 10:49:16
2.98863980133496,101.72211632671994,185,2.6,-3.9,6.4,2026-01-15 10:49:17.020,DJI_20260115104912_0003_D.MP4,frame_00006.jpg,5,5.0,2026-01-15 10:49:17
2.9886388898063,101.72211598826614,186,-3.4,0.8,6.3,2026-01-15 10:49:17.950,DJI_20260115104912_0003_D.MP4,frame_00007.jpg,6,6.0,2026-01-15 10:49:18
2.98863896159448,101.7221165179202,188,-0.4,0.7,6.8,2026-01-15 10:49:19.020,DJI_20260115104912_0003_D.MP4,frame_00008.jpg,7,7.0,2026-01-15 10:49:19
2.98863867049649,101.72211660056593,189,-2.2,0.9,2.7,2026-01-15 10:49:20.010,DJI_20260115104912_0003_D.MP4,frame_00009.jpg,8,8.0,2026-01-15 10:49:20
2.9886385278162,101.7221164780902,189,-1.8,1.3,-0.1,2026-01-15 10:49:20.950,DJI_20260115104912_0003_D.MP4,frame_00010.jpg,9,9.0,2026-01-15 10:49:21
2.98863881789376,101.72211610672862,189,-9.5,2.2,-0.7,2026-01-15 10:49:22.020,DJI_20260115104912_0003_D.MP4,frame_00011.jpg,10,10.0,2026-01-15 10:49:22
2.98864959553126,101.72211975077217,189,-11.8,8.4,40.5,2026-01-15 10:49:23.020,DJI_20260115104912_0003_D.MP4,frame_00012.jpg,11,11.0,2026-01-15 10:49:23
2.98865403554789,101.7221371554346,190,-13.3,8.1,103.4,2026-01-15 10:49:24.020,DJI_20260115104912_0003_D.MP4,frame_00013.jpg,12,12.0,2026-01-15 10:49:24
2.98864417799408,101.7221611688134,191,-15.2,-5.4,98.6,2026-01-15 10:49:25.010,DJI_20260115104912_0003_D.MP4,frame_00014.jpg,13,13.0,2026-01-15 10:49:25
2.98863921392727,101.7221923770975,192,-26.7,-4.7,93.4,2026-01-15 10:49:25.950,DJI_20260115104912_0003_D.MP4,frame_00015.jpg,14,14.0,2026-01-15 10:49:26
2.98864562804593,101.72224522016111,194,-19.9,-27.6,38.2,2026-01-15 10:49:27.020,DJI_20260115104912_0003_D.MP4,frame_00016.jpg,15,15.0,2026-01-15 10:49:27
2.98868760236288,101.72226865090406,195,-14.2,-12.3,19.0,2026-01-15 10:49:28.020,DJI_20260115104912_0003_D.MP4,frame_00017.jpg,16,16.0,2026-01-15 10:49:28
2.9887328938923,101.72227967944016,195,-4.1,11.5,34.3,2026-01-15 10:49:28.950,DJI_20260115104912_0003_D.MP4,frame_00018.jpg,17,17.0,2026-01-15 10:49:29
2.98876776309066,101.72230831964852,196,-9.7,4.3,48.4,2026-01-15 10:49:30.020,DJI_20260115104912_0003_D.MP4,frame_00019.jpg,18,18.0,2026-01-15 10:49:30
2.98878714804368,101.72234293489764,199,-12.3,2.3,65.6,2026-01-15 10:49:31.040,DJI_20260115104912_0003_D.MP4,frame_00020.jpg,19,19.0,2026-01-15 10:49:31
2.98880654521335,101.72237774388904,202,-2.7,-15.4,27.6,2026-01-15 10:49:32.020,DJI_20260115104912_0003_D.MP4,frame_00021.jpg,20,20.0,2026-01-15 10:49:32
2.98883591531119,101.7223919448431,203,-11.5,-5.6,18.3,2026-01-15 10:49:33.020,DJI_20260115104912_0003_D.MP4,frame_00022.jpg,21,21.0,2026-01-15 10:49:33
2.98887027377501,101.72239874469535,202,-9.9,-1.7,9.1,2026-01-15 10:49:34.020,DJI_20260115104912_0003_D.MP4,frame_00023.jpg,22,22.0,2026-01-15 10:49:34
2.98890444131306,101.7224044147276,202,-11.1,12.3,37.9,2026-01-15 10:49:35.020,DJI_20260115104912_0003_D.MP4,frame_00024.jpg,23,23.0,2026-01-15 10:49:35
2.98892577398984,101.72242024788984,202,3.3,0.0,41.3,2026-01-15 10:49:36.040,DJI_20260115104912_0003_D.MP4,frame_00025.jpg,24,24.0,2026-01-15 10:49:36
2.98894002252076,101.72243102992446,204,-4.5,-7.3,0.9,2026-01-15 10:49:37.020,DJI_20260115104912_0003_D.MP4,frame_00026.jpg,25,25.0,2026-01-15 10:49:37
2.9889543272688,101.7224273039719,208,-5.0,-7.5,-51.3,2026-01-15 10:49:38.030,DJI_20260115104912_0003_D.MP4,frame_00027.jpg,26,26.0,2026-01-15 10:49:38
2.98896247016764,101.72241512926468,214,6.4,3.3,-39.2,2026-01-15 10:49:39.020,DJI_20260115104912_0003_D.MP4,frame_00028.jpg,27,27.0,2026-01-15 10:49:39
2.98896827072629,101.72241122264388,215,3.6,3.4,11.9,2026-01-15 10:49:40.020,DJI_20260115104912_0003_D.MP4,frame_00029.jpg,28,28.0,2026-01-15 10:49:40
2.98896964299983,101.72241259146756,216,-5.6,-0.5,27.2,2026-01-15 10:49:41.020,DJI_20260115104912_0003_D.MP4,frame_00030.jpg,29,29.0,2026-01-15 10:49:41
2.98897567397843,101.72241615730654,216,-4.9,-0.3,27.1,2026-01-15 10:49:42.020,DJI_20260115104912_0003_D.MP4,frame_00031.jpg,30,30.0,2026-01-15 10:49:42
2.98898426150831,101.7224203879292,216,-4.1,-4.7,0.7,2026-01-15 10:49:43.030,DJI_20260115104912_0003_D.MP4,frame_00032.jpg,31,31.0,2026-01-15 10:49:43
2.98899613248835,101.72242096363128,217,-4.5,2.6,5.7,2026-01-15 10:49:44.020,DJI_20260115104912_0003_D.MP4,frame_00033.jpg,32,32.0,2026-01-15 10:49:44
2.98900941021583,101.72242428377513,217,-4.3,2.7,34.4,2026-01-15 10:49:45.020,DJI_20260115104912_0003_D.MP4,frame_00034.jpg,33,33.0,2026-01-15 10:49:45
2.98901955996836,101.7224311022604,216,-3.4,-2.2,25.5,2026-01-15 10:49:45.950,DJI_20260115104912_0003_D.MP4,frame_00035.jpg,34,34.0,2026-01-15 10:49:46
2.9890346070703,101.72243752499124,216,-3.5,-1.3,12.5,2026-01-15 10:49:47.020,DJI_20260115104912_0003_D.MP4,frame_00036.jpg,35,35.0,2026-01-15 10:49:47
2.98904819424042,101.72244029142892,216,-7.1,0.2,15.2,2026-01-15 10:49:48.030,DJI_20260115104912_0003_D.MP4,frame_00037.jpg,36,36.0,2026-01-15 10:49:48
2.98906533150224,101.72244385551784,216,-7.6,-0.1,15.3,2026-01-15 10:49:49.020,DJI_20260115104912_0003_D.MP4,frame_00038.jpg,37,37.0,2026-01-15 10:49:49
2.98908579652313,101.72245118570775,216,-2.3,-0.7,13.7,2026-01-15 10:49:50.010,DJI_20260115104912_0003_D.MP4,frame_00039.jpg,38,38.0,2026-01-15 10:49:50
2.9891018385705,101.72245470954522,218,-2.4,-0.3,13.6,2026-01-15 10:49:51.050,DJI_20260115104912_0003_D.MP4,frame_00040.jpg,39,39.0,2026-01-15 10:49:51
2.98911357840581,101.7224577345461,221,-0.6,0.6,20.1,2026-01-15 10:49:52.020,DJI_20260115104912_0003_D.MP4,frame_00041.jpg,40,40.0,2026-01-15 10:49:52
2.98912110365306,101.72246073957568,223,0.2,0.0,31.0,2026-01-15 10:49:53.030,DJI_20260115104912_0003_D.MP4,frame_00042.jpg,41,41.0,2026-01-15 10:49:53
2.98912404890951,101.7224649781594,224,-3.1,-0.6,33.1,2026-01-15 10:49:54.020,DJI_20260115104912_0003_D.MP4,frame_00043.jpg,42,42.0,2026-01-15 10:49:54
2.98912981307523,101.7224687427506,225,-5.2,-1.4,15.4,2026-01-15 10:49:55.020,DJI_20260115104912_0003_D.MP4,frame_00044.jpg,43,43.0,2026-01-15 10:49:55
2.98913938527006,101.72247181455712,226,-1.3,-0.6,15.2,2026-01-15 10:49:56.040,DJI_20260115104912_0003_D.MP4,frame_00045.jpg,44,44.0,2026-01-15 10:49:56
2.98914889561062,101.72247480538029,227,-3.5,2.0,26.5,2026-01-15 10:49:57.020,DJI_20260115104912_0003_D.MP4,frame_00046.jpg,45,45.0,2026-01-15 10:49:57
2.98915731632247,101.72248110636166,227,-2.9,0.4,51.8,2026-01-15 10:49:58.020,DJI_20260115104912_0003_D.MP4,frame_00047.jpg,46,46.0,2026-01-15 10:49:58
2.98916328815401,101.72248782227956,227,-3.7,-4.8,16.5,2026-01-15 10:49:58.950,DJI_20260115104912_0003_D.MP4,frame_00048.jpg,47,47.0,2026-01-15 10:49:59
2.98917474023852,101.7224897610404,226,-1.6,-2.1,-2.6,2026-01-15 10:50:00.020,DJI_20260115104912_0003_D.MP4,frame_00049.jpg,48,48.0,2026-01-15 10:50:00
2.98918530086781,101.7224892965531,226,-2.8,0.5,5.0,2026-01-15 10:50:01.040,DJI_20260115104912_0003_D.MP4,frame_00050.jpg,49,49.0,2026-01-15 10:50:01
2.98919482426459,101.72249068150488,225,-2.6,-0.6,8.8,2026-01-15 10:50:02.020,DJI_20260115104912_0003_D.MP4,frame_00051.jpg,50,50.0,2026-01-15 10:50:02
2.98920508257906,101.72249298994078,226,-8.7,-0.5,9.3,2026-01-15 10:50:03.020,DJI_20260115104912_0003_D.MP4,frame_00052.jpg,51,51.0,2026-01-15 10:50:03
2.98922330803033,101.7224954294255,226,-6.7,0.6,12.8,2026-01-15 10:50:04.020,DJI_20260115104912_0003_D.MP4,frame_00053.jpg,52,52.0,2026-01-15 10:50:04
2.98924247030802,101.7225032363532,227,2.7,0.5,21.1,2026-01-15 10:50:05.020,DJI_20260115104912_0003_D.MP4,frame_00054.jpg,53,53.0,2026-01-15 10:50:05
2.98925247918363,101.72250812860256,227,-3.1,-0.4,25.3,2026-01-15 10:50:06.040,DJI_20260115104912_0003_D.MP4,frame_00055.jpg,54,54.0,2026-01-15 10:50:06
2.98926304299987,101.7225135109725,228,-3.1,-1.0,24.3,2026-01-15 10:50:07.020,DJI_20260115104912_0003_D.MP4,frame_00056.jpg,55,55.0,2026-01-15 10:50:07
2.98927461882716,101.7225177895332,228,-2.6,-1.3,15.7,2026-01-15 10:50:08.040,DJI_20260115104912_0003_D.MP4,frame_00057.jpg,56,56.0,2026-01-15 10:50:08
2.98928477676981,101.72252052409225,229,-3.6,-1.0,16.5,2026-01-15 10:50:09.020,DJI_20260115104912_0003_D.MP4,frame_00058.jpg,57,57.0,2026-01-15 10:50:09
2.98929712020672,101.72252392940582,230,-6.3,-0.7,11.5,2026-01-15 10:50:10.010,DJI_20260115104912_0003_D.MP4,frame_00059.jpg,58,58.0,2026-01-15 10:50:10
2.98931340196076,101.7225277593327,230,-4.1,1.9,19.5,2026-01-15 10:50:11.020,DJI_20260115104912_0003_D.MP4,frame_00060.jpg,59,59.0,2026-01-15 10:50:11
2.98932821867701,101.72253355811463,229,-3.8,0.0,24.6,2026-01-15 10:50:12.020,DJI_20260115104912_0003_D.MP4,frame_00061.jpg,60,60.0,2026-01-15 10:50:12
2.98934179227688,101.72253943070808,229,-0.1,-1.5,21.8,2026-01-15 10:50:13.040,DJI_20260115104912_0003_D.MP4,frame_00062.jpg,61,61.0,2026-01-15 10:50:13
2.98935160596033,101.7225430340876,228,-2.1,0.1,21.1,2026-01-15 10:50:14.020,DJI_20260115104912_0003_D.MP4,frame_00063.jpg,62,62.0,2026-01-15 10:50:14
2.98935912010465,101.72254603232284,228,-4.8,-2.6,13.2,2026-01-15 10:50:15.020,DJI_20260115104912_0003_D.MP4,frame_00064.jpg,63,63.0,2026-01-15 10:50:15
2.98937044673296,101.72254797983402,228,-7.6,0.2,15.0,2026-01-15 10:50:15.950,DJI_20260115104912_0003_D.MP4,frame_00065.jpg,64,64.0,2026-01-15 10:50:16
2.98939018197641,101.72255370398092,228,-4.0,-0.4,16.7,2026-01-15 10:50:17.020,DJI_20260115104912_0003_D.MP4,frame_00066.jpg,65,65.0,2026-01-15 10:50:17
2.98940707048474,101.72255853261038,228,-2.7,-0.6,17.0,2026-01-15 10:50:18.030,DJI_20260115104912_0003_D.MP4,frame_00067.jpg,66,66.0,2026-01-15 10:50:18
2.98942194367512,101.72256275709066,229,-3.6,-0.4,16.9,2026-01-15 10:50:19.020,DJI_20260115104912_0003_D.MP4,frame_00068.jpg,67,67.0,2026-01-15 10:50:19
2.98943638789509,101.72256610091183,230,-6.6,-0.2,17.5,2026-01-15 10:50:20.020,DJI_20260115104912_0003_D.MP4,frame_00069.jpg,68,68.0,2026-01-15 10:50:20
2.98945665141845,101.72257255939886,229,-13.8,0.8,21.8,2026-01-15 10:50:21.040,DJI_20260115104912_0003_D.MP4,frame_00070.jpg,69,69.0,2026-01-15 10:50:21
2.98948122294522,101.722582526213,228,-1.3,-0.8,22.1,2026-01-15 10:50:22.020,DJI_20260115104912_0003_D.MP4,frame_00071.jpg,70,70.0,2026-01-15 10:50:22
2.98950042703022,101.72258998824104,227,-4.0,-1.2,20.3,2026-01-15 10:50:23.010,DJI_20260115104912_0003_D.MP4,frame_00072.jpg,71,71.0,2026-01-15 10:50:23
2.98951665738184,101.72259650767144,226,-6.3,-2.2,13.3,2026-01-15 10:50:23.950,DJI_20260115104912_0003_D.MP4,frame_00073.jpg,72,72.0,2026-01-15 10:50:24
2.98953709896322,101.72260024309492,227,-5.8,0.5,15.2,2026-01-15 10:50:25.020,DJI_20260115104912_0003_D.MP4,frame_00074.jpg,73,73.0,2026-01-15 10:50:25
2.98955394573277,101.72260547523396,227,-3.8,0.2,18.8,2026-01-15 10:50:26.040,DJI_20260115104912_0003_D.MP4,frame_00075.jpg,74,74.0,2026-01-15 10:50:26
2.98956796893257,101.72261146796409,228,-5.4,0.3,22.5,2026-01-15 10:50:27.020,DJI_20260115104912_0003_D.MP4,frame_00076.jpg,75,75.0,2026-01-15 10:50:27
2.98958304972023,101.72261804919576,228,-4.2,-1.4,20.1,2026-01-15 10:50:28.020,DJI_20260115104912_0003_D.MP4,frame_00077.jpg,76,76.0,2026-01-15 10:50:28
2.98959840732712,101.72262475550542,229,-4.2,-0.8,19.4,2026-01-15 10:50:29.040,DJI_20260115104912_0003_D.MP4,frame_00078.jpg,77,77.0,2026-01-15 10:50:29
2.98961400885567,101.72262961742037,230,-4.5,-0.7,18.8,2026-01-15 10:50:30.020,DJI_20260115104912_0003_D.MP4,frame_00079.jpg,78,78.0,2026-01-15 10:50:30
2.9896282232725,101.72263485127516,232,0.1,-0.6,18.8,2026-01-15 10:50:31.020,DJI_20260115104912_0003_D.MP4,frame_00080.jpg,79,79.0,2026-01-15 10:50:31
2.98963887981873,101.7226379730442,233,-2.1,-0.4,20.3,2026-01-15 10:50:32.020,DJI_20260115104912_0003_D.MP4,frame_00081.jpg,80,80.0,2026-01-15 10:50:32
2.98964724176047,101.7226414471593,235,1.0,-1.0,21.3,2026-01-15 10:50:33.020,DJI_20260115104912_0003_D.MP4,frame_00082.jpg,81,81.0,2026-01-15 10:50:33
2.98965457435141,101.72264498338446,235,-2.1,-0.9,21.2,2026-01-15 10:50:34.040,DJI_20260115104912_0003_D.MP4,frame_00083.jpg,82,82.0,2026-01-15 10:50:34
2.9896575881787,101.72264646205034,235,-13.6,-1.0,22.2,2026-01-15 10:50:35.020,DJI_20260115104912_0003_D.MP4,frame_00084.jpg,83,83.0,2026-01-15 10:50:35
2.98967182815968,101.72264992772394,233,-19.1,-1.3,16.7,2026-01-15 10:50:36.020,DJI_20260115104912_0003_D.MP4,frame_00085.jpg,84,84.0,2026-01-15 10:50:36
2.98969715331461,101.72265827590148,231,5.7,-1.7,15.2,2026-01-15 10:50:36.950,DJI_20260115104912_0003_D.MP4,frame_00086.jpg,85,85.0,2026-01-15 10:50:37
2.98971764218623,101.72266569376612,230,3.1,-1.0,15.4,2026-01-15 10:50:38.020,DJI_20260115104912_0003_D.MP4,frame_00087.jpg,86,86.0,2026-01-15 10:50:38
2.98973143126509,101.72267079091012,229,-4.4,0.5,19.7,2026-01-15 10:50:39.040,DJI_20260115104912_0003_D.MP4,frame_00088.jpg,87,87.0,2026-01-15 10:50:39
2.98974580633165,101.72267638033652,228,-0.6,-0.7,21.0,2026-01-15 10:50:40.020,DJI_20260115104912_0003_D.MP4,frame_00089.jpg,88,88.0,2026-01-15 10:50:40
2.98975873705846,101.72268049476872,228,-3.6,-1.8,20.5,2026-01-15 10:50:41.030,DJI_20260115104912_0003_D.MP4,frame_00090.jpg,89,89.0,2026-01-15 10:50:41
2.98977001187312,101.72268288909498,228,-0.7,-6.6,-27.8,2026-01-15 10:50:42.020,DJI_20260115104912_0003_D.MP4,frame_00091.jpg,90,90.0,2026-01-15 10:50:42
2.98977351950642,101.72267930112288,228,-3.2,-6.1,-97.5,2026-01-15 10:50:43.010,DJI_20260115104912_0003_D.MP4,frame_00092.jpg,91,91.0,2026-01-15 10:50:43
2.98977120201072,101.72267460007645,228,-4.8,0.3,-126.1,2026-01-15 10:50:44.020,DJI_20260115104912_0003_D.MP4,frame_00093.jpg,92,92.0,2026-01-15 10:50:44
2.98976564746411,101.7226677160839,228,-1.8,0.2,-125.8,2026-01-15 10:50:45.020,DJI_20260115104912_0003_D.MP4,frame_00094.jpg,93,93.0,2026-01-15 10:50:45
2.98976091583614,101.72266248332718,228,-2.3,-1.0,-145.8,2026-01-15 10:50:46.040,DJI_20260115104912_0003_D.MP4,frame_00095.jpg,94,94.0,2026-01-15 10:50:46
2.98975640784301,101.72265891659605,228,-3.8,1.3,-138.2,2026-01-15 10:50:47.020,DJI_20260115104912_0003_D.MP4,frame_00096.jpg,95,95.0,2026-01-15 10:50:47
2.98974906216158,101.72265258569202,228,-8.8,-3.2,-156.5,2026-01-15 10:50:48.020,DJI_20260115104912_0003_D.MP4,frame_00097.jpg,96,96.0,2026-01-15 10:50:48
2.98973479599963,101.72264666629296,229,-2.9,-0.9,-162.6,2026-01-15 10:50:49.020,DJI_20260115104912_0003_D.MP4,frame_00098.jpg,97,97.0,2026-01-15 10:50:49
2.98972025774749,101.72264216677831,231,-3.6,-0.4,-166.1,2026-01-15 10:50:50.020,DJI_20260115104912_0003_D.MP4,frame_00099.jpg,98,98.0,2026-01-15 10:50:50
2.98970702306097,101.7226399338353,232,-2.9,0.8,-162.6,2026-01-15 10:50:51.040,DJI_20260115104912_0003_D.MP4,frame_00100.jpg,99,99.0,2026-01-15 10:50:51
2.98969741204018,101.72263569957526,234,-3.1,0.0,-159.4,2026-01-15 10:50:52.020,DJI_20260115104912_0003_D.MP4,frame_00101.jpg,100,100.0,2026-01-15 10:50:52
2.98968647641302,101.7226318582215,235,-3.0,-0.4,-162.2,2026-01-15 10:50:53.040,DJI_20260115104912_0003_D.MP4,frame_00102.jpg,101,101.0,2026-01-15 10:50:53
2.98967734802678,101.72262854895548,234,5.9,-0.3,-165.1,2026-01-15 10:50:54.020,DJI_20260115104912_0003_D.MP4,frame_00103.jpg,102,102.0,2026-01-15 10:50:54
2.98967198538258,101.7226263474793,233,-3.8,0.0,-157.6,2026-01-15 10:50:55.020,DJI_20260115104912_0003_D.MP4,frame_00104.jpg,103,103.0,2026-01-15 10:50:55
2.98966584957728,101.72262427176742,231,-2.9,0.0,-154.8,2026-01-15 10:50:55.950,DJI_20260115104912_0003_D.MP4,frame_00105.jpg,104,104.0,2026-01-15 10:50:56
2.98965769975624,101.7226210558381,230,-4.7,-0.9,-157.4,2026-01-15 10:50:57.020,DJI_20260115104912_0003_D.MP4,frame_00106.jpg,105,105.0,2026-01-15 10:50:57
2.98964582517803,101.72261694813164,228,-4.4,-1.0,-164.1,2026-01-15 10:50:58.050,DJI_20260115104912_0003_D.MP4,frame_00107.jpg,106,106.0,2026-01-15 10:50:58
2.98963378700301,101.72261300204862,228,-2.3,0.0,-165.1,2026-01-15 10:50:59.020,DJI_20260115104912_0003_D.MP4,frame_00108.jpg,107,107.0,2026-01-15 10:50:59
2.98962323908726,101.72260964285437,228,-4.4,0.2,-158.0,2026-01-15 10:51:00.040,DJI_20260115104912_0003_D.MP4,frame_00109.jpg,108,108.0,2026-01-15 10:51:00
2.98961237261351,101.72260416790266,228,-8.0,-0.8,-159.7,2026-01-15 10:51:01.020,DJI_20260115104912_0003_D.MP4,frame_00110.jpg,109,109.0,2026-01-15 10:51:01
2.98959689568445,101.72259758056292,228,-5.8,-1.8,-168.1,2026-01-15 10:51:02.020,DJI_20260115104912_0003_D.MP4,frame_00111.jpg,110,110.0,2026-01-15 10:51:02
2.98958045300653,101.72259316285512,228,-0.3,0.6,-165.5,2026-01-15 10:51:02.960,DJI_20260115104912_0003_D.MP4,frame_00112.jpg,111,111.0,2026-01-15 10:51:03
2.98956393240253,101.72258829037116,227,-4.3,0.1,-161.1,2026-01-15 10:51:04.020,DJI_20260115104912_0003_D.MP4,frame_00113.jpg,112,112.0,2026-01-15 10:51:04
2.98955055577677,101.72258394668071,227,-4.0,0.0,-161.0,2026-01-15 10:51:04.950,DJI_20260115104912_0003_D.MP4,frame_00114.jpg,113,113.0,2026-01-15 10:51:05
2.98953400919741,101.72257660053432,227,-3.3,-0.1,-160.9,2026-01-15 10:51:06.020,DJI_20260115104912_0003_D.MP4,frame_00115.jpg,114,114.0,2026-01-15 10:51:06
2.98951929460066,101.72257069293964,227,-8.5,-0.2,-160.9,2026-01-15 10:51:06.950,DJI_20260115104912_0003_D.MP4,frame_00116.jpg,115,115.0,2026-01-15 10:51:07
2.98949941659552,101.72256523342968,228,-1.6,-0.4,-161.0,2026-01-15 10:51:08.020,DJI_20260115104912_0003_D.MP4,frame_00117.jpg,116,116.0,2026-01-15 10:51:08
2.9894850219275,101.72256058454198,229,-1.9,0.0,-160.9,2026-01-15 10:51:09.020,DJI_20260115104912_0003_D.MP4,frame_00118.jpg,117,117.0,2026-01-15 10:51:09
2.98947277368788,101.72255648709567,229,-1.9,0.1,-158.7,2026-01-15 10:51:10.020,DJI_20260115104912_0003_D.MP4,frame_00119.jpg,118,118.0,2026-01-15 10:51:10
2.98946351206654,101.72255359595746,230,-2.4,-1.0,-161.8,2026-01-15 10:51:11.020,DJI_20260115104912_0003_D.MP4,frame_00120.jpg,119,119.0,2026-01-15 10:51:11
2.98945600984758,101.7225499984801,231,-5.4,0.4,-161.4,2026-01-15 10:51:11.950,DJI_20260115104912_0003_D.MP4,frame_00121.jpg,120,120.0,2026-01-15 10:51:12
2.98944107264404,101.72254453564156,230,-5.2,-0.1,-160.0,2026-01-15 10:51:13.020,DJI_20260115104912_0003_D.MP4,frame_00122.jpg,121,121.0,2026-01-15 10:51:13
2.98942457280662,101.72254070876872,229,-3.2,-0.9,-164.9,2026-01-15 10:51:14.040,DJI_20260115104912_0003_D.MP4,frame_00123.jpg,122,122.0,2026-01-15 10:51:14
2.98940920635852,101.7225371081344,228,-3.4,0.0,-164.3,2026-01-15 10:51:15.020,DJI_20260115104912_0003_D.MP4,frame_00124.jpg,123,123.0,2026-01-15 10:51:15
2.98939482683708,101.7225330840878,228,-3.4,-0.2,-160.8,2026-01-15 10:51:16.020,DJI_20260115104912_0003_D.MP4,frame_00125.jpg,124,124.0,2026-01-15 10:51:16
2.98938119792819,101.72252865786989,228,-3.1,-0.7,-162.2,2026-01-15 10:51:17.020,DJI_20260115104912_0003_D.MP4,frame_00126.jpg,125,125.0,2026-01-15 10:51:17
2.98936675788895,101.72252340740664,228,-3.3,-0.5,-163.0,2026-01-15 10:51:18.020,DJI_20260115104912_0003_D.MP4,frame_00127.jpg,126,126.0,2026-01-15 10:51:18
2.98935299930887,101.72252001945644,228,1.4,0.0,-162.9,2026-01-15 10:51:19.030,DJI_20260115104912_0003_D.MP4,frame_00128.jpg,127,127.0,2026-01-15 10:51:19
2.98934265234234,101.7225180745189,228,-2.4,0.2,-161.0,2026-01-15 10:51:20.020,DJI_20260115104912_0003_D.MP4,frame_00129.jpg,128,128.0,2026-01-15 10:51:20
2.98933297182547,101.72251437114558,229,-1.3,-0.4,-160.5,2026-01-15 10:51:21.020,DJI_20260115104912_0003_D.MP4,frame_00130.jpg,129,129.0,2026-01-15 10:51:21
2.98932432381207,101.72251168514217,230,-1.5,-0.5,-160.6,2026-01-15 10:51:22.040,DJI_20260115104912_0003_D.MP4,frame_00131.jpg,130,130.0,2026-01-15 10:51:22
2.98931684935042,101.72250881575962,231,-2.3,-0.2,-160.1,2026-01-15 10:51:23.020,DJI_20260115104912_0003_D.MP4,frame_00132.jpg,131,131.0,2026-01-15 10:51:23
2.98930818529946,101.72250693608912,231,-1.9,0.7,-156.6,2026-01-15 10:51:24.020,DJI_20260115104912_0003_D.MP4,frame_00133.jpg,132,132.0,2026-01-15 10:51:24
2.98930121348505,101.72250336891187,230,-0.7,0.8,-147.6,2026-01-15 10:51:24.950,DJI_20260115104912_0003_D.MP4,frame_00134.jpg,133,133.0,2026-01-15 10:51:25
2.98929612889372,101.72249904838402,228,-1.1,0.9,-123.7,2026-01-15 10:51:26.020,DJI_20260115104912_0003_D.MP4,frame_00135.jpg,134,134.0,2026-01-15 10:51:26
2.98929467660373,101.7224953511531,227,-1.5,0.6,-112.0,2026-01-15 10:51:27.030,DJI_20260115104912_0003_D.MP4,frame_00136.jpg,135,135.0,2026-01-15 10:51:27
2.98929369646219,101.7224907526741,227,-2.6,0.5,-106.3,2026-01-15 10:51:28.020,DJI_20260115104912_0003_D.MP4,frame_00137.jpg,136,136.0,2026-01-15 10:51:28
2.98929195193224,101.72248349331022,225,-5.7,0.1,-105.0,2026-01-15 10:51:29.020,DJI_20260115104912_0003_D.MP4,frame_00138.jpg,137,137.0,2026-01-15 10:51:29
2.98928914412589,101.7224744284648,224,-2.9,-0.9,-107.5,2026-01-15 10:51:29.950,DJI_20260115104912_0003_D.MP4,frame_00139.jpg,138,138.0,2026-01-15 10:51:30
2.98928442243572,101.7224626087458,223,-2.8,-0.1,-111.3,2026-01-15 10:51:31.020,DJI_20260115104912_0003_D.MP4,frame_00140.jpg,139,139.0,2026-01-15 10:51:31
2.98928021154864,101.72245256633582,221,-2.0,0.9,-111.2,2026-01-15 10:51:32.040,DJI_20260115104912_0003_D.MP4,frame_00141.jpg,140,140.0,2026-01-15 10:51:32
2.98927731533011,101.72244361569057,220,5.8,3.0,-94.0,2026-01-15 10:51:33.020,DJI_20260115104912_0003_D.MP4,frame_00142.jpg,141,141.0,2026-01-15 10:51:33
2.98927776630077,101.72244069795823,220,-2.2,1.2,-54.2,2026-01-15 10:51:34.030,DJI_20260115104912_0003_D.MP4,frame_00143.jpg,142,142.0,2026-01-15 10:51:34
2.98928058904809,101.72243843547004,221,-1.1,1.2,-16.6,2026-01-15 10:51:35.020,DJI_20260115104912_0003_D.MP4,frame_00144.jpg,143,143.0,2026-01-15 10:51:35
2.98928395152093,101.72243866956671,221,-1.6,2.1,32.1,2026-01-15 10:51:36.030,DJI_20260115104912_0003_D.MP4,frame_00145.jpg,144,144.0,2026-01-15 10:51:36
2.98928881748058,101.72244272878612,221,-10.5,-1.8,30.7,2026-01-15 10:51:37.020,DJI_20260115104912_0003_D.MP4,frame_00146.jpg,145,145.0,2026-01-15 10:51:37
2.98930100945167,101.7224507228333,221,-3.0,-3.3,20.9,2026-01-15 10:51:38.020,DJI_20260115104912_0003_D.MP4,frame_00147.jpg,146,146.0,2026-01-15 10:51:38
2.98931318065617,101.72245592144662,222,-0.2,-0.9,22.9,2026-01-15 10:51:39.050,DJI_20260115104912_0003_D.MP4,frame_00148.jpg,147,147.0,2026-01-15 10:51:39
2.98932158933985,101.7224595577685,223,-3.1,-1.6,26.0,2026-01-15 10:51:40.020,DJI_20260115104912_0003_D.MP4,frame_00149.jpg,148,148.0,2026-01-15 10:51:40
2.98932977294943,101.7224627584963,225,-2.9,-2.3,14.3,2026-01-15 10:51:41.040,DJI_20260115104912_0003_D.MP4,frame_00150.jpg,149,149.0,2026-01-15 10:51:41
2.98933812522751,101.72246444463045,227,4.5,-1.4,8.7,2026-01-15 10:51:42.020,DJI_20260115104912_0003_D.MP4,frame_00151.jpg,150,150.0,2026-01-15 10:51:42
2.98934282231305,101.72246475113164,228,-2.2,-0.8,11.2,2026-01-15 10:51:43.020,DJI_20260115104912_0003_D.MP4,frame_00152.jpg,151,151.0,2026-01-15 10:51:43
2.98934578508059,101.72246609387597,228,-2.1,0.0,18.4,2026-01-15 10:51:43.950,DJI_20260115104912_0003_D.MP4,frame_00153.jpg,152,152.0,2026-01-15 10:51:44
2.98935018252423,101.72246821882982,228,-1.5,0.0,20.5,2026-01-15 10:51:45.020,DJI_20260115104912_0003_D.MP4,frame_00154.jpg,153,153.0,2026-01-15 10:51:45
2.98935658767825,101.72246999246708,227,-6.6,-1.4,20.7,2026-01-15 10:51:46.040,DJI_20260115104912_0003_D.MP4,frame_00155.jpg,154,154.0,2026-01-15 10:51:46
2.9893666925736,101.72247340488386,226,-3.9,-0.8,20.7,2026-01-15 10:51:47.020,DJI_20260115104912_0003_D.MP4,frame_00156.jpg,155,155.0,2026-01-15 10:51:47
2.9893787593969,101.72247944884622,225,-3.3,-1.6,18.8,2026-01-15 10:51:48.020,DJI_20260115104912_0003_D.MP4,frame_00157.jpg,156,156.0,2026-01-15 10:51:48
2.98939069867364,101.72248226473174,224,-3.3,-1.3,5.1,2026-01-15 10:51:49.020,DJI_20260115104912_0003_D.MP4,frame_00158.jpg,157,157.0,2026-01-15 10:51:49
2.98939977277891,101.72248370764144,225,-2.8,-0.4,10.8,2026-01-15 10:51:50.010,DJI_20260115104912_0003_D.MP4,frame_00159.jpg,158,158.0,2026-01-15 10:51:50
2.9894067467865,101.72248539926598,227,-1.0,-0.3,16.7,2026-01-15 10:51:50.950,DJI_20260115104912_0003_D.MP4,frame_00160.jpg,159,159.0,2026-01-15 10:51:51
2.98941165270298,101.72248686750012,228,-1.3,-0.8,19.8,2026-01-15 10:51:52.020,DJI_20260115104912_0003_D.MP4,frame_00161.jpg,160,160.0,2026-01-15 10:51:52
2.98941591903615,101.72248808791164,228,-7.7,-0.7,19.7,2026-01-15 10:51:53.040,DJI_20260115104912_0003_D.MP4,frame_00162.jpg,161,161.0,2026-01-15 10:51:53
2.98942610144636,101.72249343840298,228,-6.1,-0.4,19.9,2026-01-15 10:51:54.020,DJI_20260115104912_0003_D.MP4,frame_00163.jpg,162,162.0,2026-01-15 10:51:54
2.98943952687016,101.72249829455302,226,0.3,-1.0,19.7,2026-01-15 10:51:55.020,DJI_20260115104912_0003_D.MP4,frame_00164.jpg,163,163.0,2026-01-15 10:51:55
2.98944965458818,101.72250207750272,224,-2.9,-0.4,20.8,2026-01-15 10:51:55.960,DJI_20260115104912_0003_D.MP4,frame_00165.jpg,164,164.0,2026-01-15 10:51:56
2.98946245728867,101.72250778442351,221,-4.2,-0.2,23.2,2026-01-15 10:51:57.020,DJI_20260115104912_0003_D.MP4,frame_00166.jpg,165,165.0,2026-01-15 10:51:57
2.98947628611875,101.72251374781436,219,-6.1,-0.6,26.1,2026-01-15 10:51:58.040,DJI_20260115104912_0003_D.MP4,frame_00167.jpg,166,166.0,2026-01-15 10:51:58
2.98949202862703,101.72252278977172,219,-2.5,-1.4,23.9,2026-01-15 10:51:59.020,DJI_20260115104912_0003_D.MP4,frame_00168.jpg,167,167.0,2026-01-15 10:51:59
2.98950544041205,101.72252815007712,220,-1.1,-0.1,25.3,2026-01-15 10:52:00.020,DJI_20260115104912_0003_D.MP4,frame_00169.jpg,168,168.0,2026-01-15 10:52:00
2.98951770318142,101.72253607041571,222,-5.6,2.3,46.2,2026-01-15 10:52:01.020,DJI_20260115104912_0003_D.MP4,frame_00170.jpg,169,169.0,2026-01-15 10:52:01
2.98952928990602,101.72254902685204,223,-7.4,-0.2,47.5,2026-01-15 10:52:02.010,DJI_20260115104912_0003_D.MP4,frame_00171.jpg,170,170.0,2026-01-15 10:52:02
2.9895421107687,101.72256294084724,224,-6.4,-8.6,18.7,2026-01-15 10:52:02.950,DJI_20260115104912_0003_D.MP4,frame_00172.jpg,171,171.0,2026-01-15 10:52:03
2.98956441051367,101.72256866722466,224,-6.0,-6.0,-5.4,2026-01-15 10:52:04.020,DJI_20260115104912_0003_D.MP4,frame_00173.jpg,172,172.0,2026-01-15 10:52:04
2.9895822099416,101.72256538455277,223,-5.0,1.0,-3.3,2026-01-15 10:52:05.030,DJI_20260115104912_0003_D.MP4,frame_00174.jpg,173,173.0,2026-01-15 10:52:05
2.98959634341674,101.72256422213351,224,-5.2,0.5,0.4,2026-01-15 10:52:05.960,DJI_20260115104912_0003_D.MP4,frame_00175.jpg,174,174.0,2026-01-15 10:52:06
2.98961271865467,101.72256698846824,224,1.9,-0.6,2.7,2026-01-15 10:52:07.020,DJI_20260115104912_0003_D.MP4,frame_00176.jpg,175,175.0,2026-01-15 10:52:07
2.98962102864569,101.722568372768,224,-1.2,-1.4,0.5,2026-01-15 10:52:07.950,DJI_20260115104912_0003_D.MP4,frame_00177.jpg,176,176.0,2026-01-15 10:52:08
2.98962830894322,101.72256908559264,225,-0.6,-0.6,3.6,2026-01-15 10:52:09.020,DJI_20260115104912_0003_D.MP4,frame_00178.jpg,177,177.0,2026-01-15 10:52:09
2.98963461636409,101.7225701223505,225,-5.8,-0.3,12.6,2026-01-15 10:52:10.040,DJI_20260115104912_0003_D.MP4,frame_00179.jpg,178,178.0,2026-01-15 10:52:10
2.98964849310123,101.72257219439066,225,-14.0,-0.1,14.1,2026-01-15 10:52:11.020,DJI_20260115104912_0003_D.MP4,frame_00180.jpg,179,179.0,2026-01-15 10:52:11
2.9896723045574,101.72257824991712,226,7.3,-0.2,17.8,2026-01-15 10:52:12.040,DJI_20260115104912_0003_D.MP4,frame_00181.jpg,180,180.0,2026-01-15 10:52:12
2.98968656153545,101.72258314909811,228,-0.1,0.1,24.5,2026-01-15 10:52:13.020,DJI_20260115104912_0003_D.MP4,frame_00182.jpg,181,181.0,2026-01-15 10:52:13
2.98969551789489,101.722587925912,229,-2.7,-0.7,28.1,2026-01-15 10:52:14.030,DJI_20260115104912_0003_D.MP4,frame_00183.jpg,182,182.0,2026-01-15 10:52:14
2.9897037107569,101.72259140098788,231,-1.7,-0.3,29.0,2026-01-15 10:52:15.020,DJI_20260115104912_0003_D.MP4,frame_00184.jpg,183,183.0,2026-01-15 10:52:15
2.98970990413292,101.72259536838048,232,-2.9,-1.9,21.0,2026-01-15 10:52:16.020,DJI_20260115104912_0003_D.MP4,frame_00185.jpg,184,184.0,2026-01-15 10:52:16
2.98971726030044,101.72259642854117,234,-1.3,-1.4,10.3,2026-01-15 10:52:17.020,DJI_20260115104912_0003_D.MP4,frame_00186.jpg,185,185.0,2026-01-15 10:52:17
2.98972423184071,101.72259706391692,233,-5.0,-0.7,3.7,2026-01-15 10:52:18.020,DJI_20260115104912_0003_D.MP4,frame_00187.jpg,186,186.0,2026-01-15 10:52:18
2.98973475570013,101.7225969794335,232,-4.7,-0.7,0.8,2026-01-15 10:52:19.050,DJI_20260115104912_0003_D.MP4,frame_00188.jpg,187,187.0,2026-01-15 10:52:19
2.98974697083657,101.72259579265064,232,-1.3,-5.5,-35.7,2026-01-15 10:52:20.020,DJI_20260115104912_0003_D.MP4,frame_00189.jpg,188,188.0,2026-01-15 10:52:20
2.9897520878457,101.72258896610134,232,0.0,-3.9,-93.5,2026-01-15 10:52:21.030,DJI_20260115104912_0003_D.MP4,frame_00190.jpg,189,189.0,2026-01-15 10:52:21
2.98975139089728,101.72258620741884,232,0.0,-0.3,-137.6,2026-01-15 10:52:22.020,DJI_20260115104912_0003_D.MP4,frame_00191.jpg,190,190.0,2026-01-15 10:52:22
2.98974967652343,101.7225855305906,232,-3.7,0.5,-145.8,2026-01-15 10:52:23.020,DJI_20260115104912_0003_D.MP4,frame_00192.jpg,191,191.0,2026-01-15 10:52:23
2.98974543712513,101.72258324425351,232,12.2,1.2,-138.3,2026-01-15 10:52:23.950,DJI_20260115104912_0003_D.MP4,frame_00193.jpg,192,192.0,2026-01-15 10:52:24
2.98974613750038,101.72258158574292,232,-1.4,-0.1,165.8,2026-01-15 10:52:25.020,DJI_20260115104912_0003_D.MP4,frame_00194.jpg,193,193.0,2026-01-15 10:52:25
2.98974696268072,101.72258150616652,232,0.0,-0.2,-139.9,2026-01-15 10:52:26.020,DJI_20260115104912_0003_D.MP4,frame_00195.jpg,194,194.0,2026-01-15 10:52:26
2.98974679647953,101.72258096532846,232,-5.6,0.0,-150.2,2026-01-15 10:52:27.020,DJI_20260115104912_0003_D.MP4,frame_00196.jpg,195,195.0,2026-01-15 10:52:27
2.98974228944591,101.72257894218713,232,-2.0,0.0,-153.1,2026-01-15 10:52:28.010,DJI_20260115104912_0003_D.MP4,frame_00197.jpg,196,196.0,2026-01-15 10:52:28
2.98973646884032,101.72257666250714,232,-1.3,0.3,-160.2,2026-01-15 10:52:28.960,DJI_20260115104912_0003_D.MP4,frame_00198.jpg,197,197.0,2026-01-15 10:52:29
2.98973020644798,101.72257544940472,231,-1.1,1.3,-159.1,2026-01-15 10:52:30.020,DJI_20260115104912_0003_D.MP4,frame_00199.jpg,198,198.0,2026-01-15 10:52:30
2.9897230282014,101.72257465216528,229,-4.2,0.0,179.6,2026-01-15 10:52:31.040,DJI_20260115104912_0003_D.MP4,frame_00200.jpg,199,199.0,2026-01-15 10:52:31
2.98971358386156,101.72257409513055,227,-3.6,5.1,-161.2,2026-01-15 10:52:32.020,DJI_20260115104912_0003_D.MP4,frame_00201.jpg,200,200.0,2026-01-15 10:52:32
2.9897032559482,101.7225707453386,226,-2.8,0.0,-162.4,2026-01-15 10:52:33.030,DJI_20260115104912_0003_D.MP4,frame_00202.jpg,201,201.0,2026-01-15 10:52:33
2.98969258747661,101.7225670209988,225,-2.2,1.3,-163.1,2026-01-15 10:52:34.020,DJI_20260115104912_0003_D.MP4,frame_00203.jpg,202,202.0,2026-01-15 10:52:34
2.98968302025069,101.72256368472694,224,1.7,1.2,-158.7,2026-01-15 10:52:35.020,DJI_20260115104912_0003_D.MP4,frame_00204.jpg,203,203.0,2026-01-15 10:52:35
2.98967601752628,101.72256045901786,224,-1.7,0.9,-158.6,2026-01-15 10:52:36.020,DJI_20260115104912_0003_D.MP4,frame_00205.jpg,204,204.0,2026-01-15 10:52:36
2.98966904872747,101.72255753871192,224,-2.3,0.8,-156.9,2026-01-15 10:52:37.020,DJI_20260115104912_0003_D.MP4,frame_00206.jpg,205,205.0,2026-01-15 10:52:37
2.98966275583635,101.7225541716252,224,-9.2,1.0,-155.6,2026-01-15 10:52:37.960,DJI_20260115104912_0003_D.MP4,frame_00207.jpg,206,206.0,2026-01-15 10:52:38
2.98964653905498,101.72254603523962,224,-11.8,3.1,-147.7,2026-01-15 10:52:39.020,DJI_20260115104912_0003_D.MP4,frame_00208.jpg,207,207.0,2026-01-15 10:52:39
2.98962458713313,101.7225302485055,223,-5.8,0.4,-146.0,2026-01-15 10:52:40.040,DJI_20260115104912_0003_D.MP4,frame_00209.jpg,208,208.0,2026-01-15 10:52:40
2.9896025237708,101.72251678389895,222,-7.5,-4.5,-162.8,2026-01-15 10:52:41.020,DJI_20260115104912_0003_D.MP4,frame_00210.jpg,209,209.0,2026-01-15 10:52:41
2.98957797163988,101.7225091552032,221,-7.7,0.0,-166.8,2026-01-15 10:52:42.020,DJI_20260115104912_0003_D.MP4,frame_00211.jpg,210,210.0,2026-01-15 10:52:42
2.98955221059234,101.7225030063057,221,-3.6,1.1,-166.0,2026-01-15 10:52:43.020,DJI_20260115104912_0003_D.MP4,frame_00212.jpg,211,211.0,2026-01-15 10:52:43
2.98953136334298,101.72250039572658,220,-3.0,2.5,-161.3,2026-01-15 10:52:44.020,DJI_20260115104912_0003_D.MP4,frame_00213.jpg,212,212.0,2026-01-15 10:52:44
2.98951629879848,101.72249447838644,221,0.2,1.3,-159.3,2026-01-15 10:52:44.950,DJI_20260115104912_0003_D.MP4,frame_00214.jpg,213,213.0,2026-01-15 10:52:45
2.98950227847723,101.72248998751914,221,-4.9,0.5,-164.3,2026-01-15 10:52:46.020,DJI_20260115104912_0003_D.MP4,frame_00215.jpg,214,214.0,2026-01-15 10:52:46
2.98948786208311,101.7224853990944,222,-4.8,-0.9,-171.5,2026-01-15 10:52:47.030,DJI_20260115104912_0003_D.MP4,frame_00216.jpg,215,215.0,2026-01-15 10:52:47
2.98947186194584,101.72248401709372,223,2.5,1.6,-175.5,2026-01-15 10:52:48.020,DJI_20260115104912_0003_D.MP4,frame_00217.jpg,216,216.0,2026-01-15 10:52:48
2.98946132232301,101.72248219493513,225,0.7,2.2,-162.6,2026-01-15 10:52:49.020,DJI_20260115104912_0003_D.MP4,frame_00218.jpg,217,217.0,2026-01-15 10:52:49
2.98945759434463,101.72248100242166,226,-2.1,1.0,-154.1,2026-01-15 10:52:49.950,DJI_20260115104912_0003_D.MP4,frame_00219.jpg,218,218.0,2026-01-15 10:52:50
2.98945354520386,101.7224778797947,227,-2.3,0.6,-152.7,2026-01-15 10:52:51.020,DJI_20260115104912_0003_D.MP4,frame_00220.jpg,219,219.0,2026-01-15 10:52:51
2.98944900520415,101.72247493306624,229,-2.3,-0.5,-167.4,2026-01-15 10:52:52.030,DJI_20260115104912_0003_D.MP4,frame_00221.jpg,220,220.0,2026-01-15 10:52:52
2.98944309495272,101.72247351215243,230,-3.0,0.5,-175.6,2026-01-15 10:52:53.020,DJI_20260115104912_0003_D.MP4,frame_00222.jpg,221,221.0,2026-01-15 10:52:53
2.98943474651268,101.7224728770855,231,-2.3,1.0,-175.5,2026-01-15 10:52:54.020,DJI_20260115104912_0003_D.MP4,frame_00223.jpg,222,222.0,2026-01-15 10:52:54
2.98942708542595,101.72247199052424,231,-1.2,-1.0,167.4,2026-01-15 10:52:54.950,DJI_20260115104912_0003_D.MP4,frame_00224.jpg,223,223.0,2026-01-15 10:52:55
2.98941907685878,101.72247303157144,230,-3.7,4.6,-153.1,2026-01-15 10:52:56.020,DJI_20260115104912_0003_D.MP4,frame_00225.jpg,224,224.0,2026-01-15 10:52:56
2.98941262304379,101.7224692380184,228,-3.7,0.2,-142.8,2026-01-15 10:52:57.020,DJI_20260115104912_0003_D.MP4,frame_00226.jpg,225,225.0,2026-01-15 10:52:57
2.9894041408889,101.722464477813,227,-3.7,-0.7,-160.7,2026-01-15 10:52:58.020,DJI_20260115104912_0003_D.MP4,frame_00227.jpg,226,226.0,2026-01-15 10:52:58
2.98939442411617,101.72246152943742,227,-1.7,0.9,-156.0,2026-01-15 10:52:59.020,DJI_20260115104912_0003_D.MP4,frame_00228.jpg,227,227.0,2026-01-15 10:52:59
2.98938643110681,101.7224592747044,227,0.0,0.8,-155.3,2026-01-15 10:53:00.020,DJI_20260115104912_0003_D.MP4,frame_00229.jpg,228,228.0,2026-01-15 10:53:00
2.98937986125939,101.722456871319,228,-2.2,0.4,-157.4,2026-01-15 10:53:01.020,DJI_20260115104912_0003_D.MP4,frame_00230.jpg,229,229.0,2026-01-15 10:53:01
2.98937369426996,101.72245443924628,228,-2.3,-0.5,-165.3,2026-01-15 10:53:02.030,DJI_20260115104912_0003_D.MP4,frame_00231.jpg,230,230.0,2026-01-15 10:53:02
2.98936795302972,101.7224521999207,227,-3.2,0.8,-165.3,2026-01-15 10:53:03.020,DJI_20260115104912_0003_D.MP4,frame_00232.jpg,231,231.0,2026-01-15 10:53:03
2.98935879366495,101.7224494809406,226,-6.2,1.5,-163.6,2026-01-15 10:53:04.010,DJI_20260115104912_0003_D.MP4,frame_00233.jpg,232,232.0,2026-01-15 10:53:04
2.9893466285602,101.72244586328604,224,-2.8,1.5,-158.1,2026-01-15 10:53:05.050,DJI_20260115104912_0003_D.MP4,frame_00234.jpg,233,233.0,2026-01-15 10:53:05
2.98933622409149,101.72244145151474,223,-0.2,0.8,-155.8,2026-01-15 10:53:06.020,DJI_20260115104912_0003_D.MP4,frame_00235.jpg,234,234.0,2026-01-15 10:53:06
2.98932759245834,101.72243793536384,222,0.3,-0.1,-157.9,2026-01-15 10:53:07.040,DJI_20260115104912_0003_D.MP4,frame_00236.jpg,235,235.0,2026-01-15 10:53:07
2.98932090698972,101.72243543249937,222,-2.2,0.6,-160.4,2026-01-15 10:53:08.020,DJI_20260115104912_0003_D.MP4,frame_00237.jpg,236,236.0,2026-01-15 10:53:08
2.98931381962264,101.722432468785,221,-2.2,0.9,-156.5,2026-01-15 10:53:09.020,DJI_20260115104912_0003_D.MP4,frame_00238.jpg,237,237.0,2026-01-15 10:53:09
2.98930717938817,101.72242909816384,221,-2.1,0.6,-155.6,2026-01-15 10:53:10.020,DJI_20260115104912_0003_D.MP4,frame_00239.jpg,238,238.0,2026-01-15 10:53:10
2.98930138859599,101.72242570709096,220,-2.7,0.0,-158.6,2026-01-15 10:53:11.020,DJI_20260115104912_0003_D.MP4,frame_00240.jpg,239,239.0,2026-01-15 10:53:11
2.98929380118607,101.72242306394696,220,-10.0,0.1,-162.7,2026-01-15 10:53:11.950,DJI_20260115104912_0003_D.MP4,frame_00241.jpg,240,240.0,2026-01-15 10:53:12
2.98927528123314,101.7224176652431,220,-4.2,2.7,-156.2,2026-01-15 10:53:13.020,DJI_20260115104912_0003_D.MP4,frame_00242.jpg,241,241.0,2026-01-15 10:53:13
2.98926242151022,101.7224115138063,220,-5.4,-1.0,-166.3,2026-01-15 10:53:14.040,DJI_20260115104912_0003_D.MP4,frame_00243.jpg,242,242.0,2026-01-15 10:53:14
2.98925070655369,101.7224090643359,220,-3.7,0.3,-170.7,2026-01-15 10:53:15.020,DJI_20260115104912_0003_D.MP4,frame_00244.jpg,243,243.0,2026-01-15 10:53:15
2.9892396355668,101.72240799082674,221,-7.9,2.2,-169.9,2026-01-15 10:53:16.020,DJI_20260115104912_0003_D.MP4,frame_00245.jpg,244,244.0,2026-01-15 10:53:16
2.9892286290043,101.72240613253445,222,-2.9,0.8,-167.8,2026-01-15 10:53:16.960,DJI_20260115104912_0003_D.MP4,frame_00246.jpg,245,245.0,2026-01-15 10:53:17
2.98921634108201,101.72240165885894,221,-3.1,0.5,-167.5,2026-01-15 10:53:18.020,DJI_20260115104912_0003_D.MP4,frame_00247.jpg,246,246.0,2026-01-15 10:53:18
2.98920498847834,101.7223998539436,220,-4.1,1.0,-167.1,2026-01-15 10:53:19.030,DJI_20260115104912_0003_D.MP4,frame_00248.jpg,247,247.0,2026-01-15 10:53:19
2.98919215915139,101.72239666985853,219,-3.4,0.9,-165.9,2026-01-15 10:53:20.020,DJI_20260115104912_0003_D.MP4,frame_00249.jpg,248,248.0,2026-01-15 10:53:20
2.98917969951072,101.72239342292563,217,-3.5,0.2,-164.0,2026-01-15 10:53:21.020,DJI_20260115104912_0003_D.MP4,frame_00250.jpg,249,249.0,2026-01-15 10:53:21
2.98916978315949,101.72238938100097,216,-1.7,1.3,-158.7,2026-01-15 10:53:21.950,DJI_20260115104912_0003_D.MP4,frame_00251.jpg,250,250.0,2026-01-15 10:53:22
2.98915869150882,101.7223851916935,216,-7.5,-1.5,-155.3,2026-01-15 10:53:23.020,DJI_20260115104912_0003_D.MP4,frame_00252.jpg,251,251.0,2026-01-15 10:53:23
2.98914585196992,101.7223787401724,216,-2.0,-0.7,-159.8,2026-01-15 10:53:23.950,DJI_20260115104912_0003_D.MP4,frame_00253.jpg,252,252.0,2026-01-15 10:53:24
2.98912980807206,101.7223743357616,215,-4.3,0.3,-160.6,2026-01-15 10:53:25.020,DJI_20260115104912_0003_D.MP4,frame_00254.jpg,253,253.0,2026-01-15 10:53:25
2.9891149670596,101.72236792967352,215,-3.6,-0.1,-161.3,2026-01-15 10:53:26.030,DJI_20260115104912_0003_D.MP4,frame_00255.jpg,254,254.0,2026-01-15 10:53:26
2.98910005408374,101.7223640688975,215,-3.9,-0.4,-166.2,2026-01-15 10:53:27.020,DJI_20260115104912_0003_D.MP4,frame_00256.jpg,255,255.0,2026-01-15 10:53:27
2.98908573134485,101.72236142568484,214,-0.6,0.0,-166.0,2026-01-15 10:53:28.030,DJI_20260115104912_0003_D.MP4,frame_00257.jpg,256,256.0,2026-01-15 10:53:28
2.98907314624798,101.72235807597863,213,-6.1,0.0,-164.3,2026-01-15 10:53:29.020,DJI_20260115104912_0003_D.MP4,frame_00258.jpg,257,257.0,2026-01-15 10:53:29
2.98905710492023,101.7223523028986,212,-6.5,0.0,-164.2,2026-01-15 10:53:30.020,DJI_20260115104912_0003_D.MP4,frame_00259.jpg,258,258.0,2026-01-15 10:53:30
2.98903788219328,101.72234789117874,212,1.1,0.4,-163.6,2026-01-15 10:53:31.040,DJI_20260115104912_0003_D.MP4,frame_00260.jpg,259,259.0,2026-01-15 10:53:31
2.9890232494292,101.7223442116715,213,-1.1,0.4,-157.5,2026-01-15 10:53:32.020,DJI_20260115104912_0003_D.MP4,frame_00261.jpg,260,260.0,2026-01-15 10:53:32
2.98901405027894,101.7223391059316,213,-3.2,-0.7,-158.5,2026-01-15 10:53:33.020,DJI_20260115104912_0003_D.MP4,frame_00262.jpg,261,261.0,2026-01-15 10:53:33
2.98900645947646,101.7223359008458,214,-2.6,0.4,-152.1,2026-01-15 10:53:33.950,DJI_20260115104912_0003_D.MP4,frame_00263.jpg,262,262.0,2026-01-15 10:53:34
2.98899639392111,101.72233082858016,214,-4.6,1.7,-150.7,2026-01-15 10:53:35.020,DJI_20260115104912_0003_D.MP4,frame_00264.jpg,263,263.0,2026-01-15 10:53:35
2.98898600675789,101.7223226360553,215,-6.2,3.9,-121.5,2026-01-15 10:53:36.010,DJI_20260115104912_0003_D.MP4,frame_00265.jpg,264,264.0,2026-01-15 10:53:36
2.98898052143322,101.7223095707891,215,-3.7,5.9,-89.0,2026-01-15 10:53:36.950,DJI_20260115104912_0003_D.MP4,frame_00266.jpg,265,265.0,2026-01-15 10:53:37
2.98898408526651,101.72229438331428,215,-1.1,8.8,-37.4,2026-01-15 10:53:38.020,DJI_20260115104912_0003_D.MP4,frame_00267.jpg,266,266.0,2026-01-15 10:53:38
2.9889921296783,101.7222912110679,215,2.8,6.2,15.8,2026-01-15 10:53:39.020,DJI_20260115104912_0003_D.MP4,frame_00268.jpg,267,267.0,2026-01-15 10:53:39
2.98899151809219,101.7222931592139,214,-4.7,-0.9,-1.2,2026-01-15 10:53:40.050,DJI_20260115104912_0003_D.MP4,frame_00269.jpg,268,268.0,2026-01-15 10:53:40
2.98899510536499,101.72229273736296,215,-4.1,0.0,-5.9,2026-01-15 10:53:41.020,DJI_20260115104912_0003_D.MP4,frame_00270.jpg,269,269.0,2026-01-15 10:53:41
2.98900161997192,101.7222912842274,215,-2.5,0.3,-10.2,2026-01-15 10:53:42.020,DJI_20260115104912_0003_D.MP4,frame_00271.jpg,270,270.0,2026-01-15 10:53:42
2.98900829019115,101.72228989531229,216,-2.5,0.8,-7.4,2026-01-15 10:53:43.020,DJI_20260115104912_0003_D.MP4,frame_00272.jpg,271,271.0,2026-01-15 10:53:43
2.98901520916386,101.72228874581263,217,-2.3,1.6,3.1,2026-01-15 10:53:44.010,DJI_20260115104912_0003_D.MP4,frame_00273.jpg,272,272.0,2026-01-15 10:53:44
2.98902137742122,101.72228829640676,218,-2.7,1.3,11.9,2026-01-15 10:53:44.950,DJI_20260115104912_0003_D.MP4,frame_00274.jpg,273,273.0,2026-01-15 10:53:45
2.98902938979217,101.72229220529236,218,-5.9,1.3,17.6,2026-01-15 10:53:46.020,DJI_20260115104912_0003_D.MP4,frame_00275.jpg,274,274.0,2026-01-15 10:53:46
2.98903932015913,101.72229842252808,218,-6.7,1.1,27.0,2026-01-15 10:53:47.030,DJI_20260115104912_0003_D.MP4,frame_00276.jpg,275,275.0,2026-01-15 10:53:47
2.9890527230344,101.72230657816438,217,-7.7,-1.1,21.4,2026-01-15 10:53:48.020,DJI_20260115104912_0003_D.MP4,frame_00277.jpg,276,276.0,2026-01-15 10:53:48
2.98907119487465,101.72231283304365,216,-5.3,-1.4,14.5,2026-01-15 10:53:49.020,DJI_20260115104912_0003_D.MP4,frame_00278.jpg,277,277.0,2026-01-15 10:53:49
2.98908922499669,101.72231809735293,216,-4.9,-0.2,13.4,2026-01-15 10:53:50.040,DJI_20260115104912_0003_D.MP4,frame_00279.jpg,278,278.0,2026-01-15 10:53:50
2.9891061441066,101.72232305418306,217,-5.1,0.1,14.0,2026-01-15 10:53:51.020,DJI_20260115104912_0003_D.MP4,frame_00280.jpg,279,279.0,2026-01-15 10:53:51
2.98912312596174,101.72232662791446,218,-5.5,0.4,14.8,2026-01-15 10:53:52.030,DJI_20260115104912_0003_D.MP4,frame_00281.jpg,280,280.0,2026-01-15 10:53:52
2.98914140720178,101.72233207431611,218,-5.3,0.7,17.5,2026-01-15 10:53:53.020,DJI_20260115104912_0003_D.MP4,frame_00282.jpg,281,281.0,2026-01-15 10:53:53
2.98915905019498,101.72233900233472,219,-4.9,0.0,18.4,2026-01-15 10:53:54.010,DJI_20260115104912_0003_D.MP4,frame_00283.jpg,282,282.0,2026-01-15 10:53:54
2.98917257437999,101.72234358676178,220,1.5,0.3,18.5,2026-01-15 10:53:54.950,DJI_20260115104912_0003_D.MP4,frame_00284.jpg,283,283.0,2026-01-15 10:53:55
2.9891847069984,101.7223473452449,221,-7.8,-0.8,16.0,2026-01-15 10:53:56.020,DJI_20260115104912_0003_D.MP4,frame_00285.jpg,284,284.0,2026-01-15 10:53:56
2.98919972288192,101.72235100152092,222,-5.2,-0.8,7.4,2026-01-15 10:53:57.040,DJI_20260115104912_0003_D.MP4,frame_00286.jpg,285,285.0,2026-01-15 10:53:57
2.98921642414834,101.72235433314314,222,-3.2,2.6,15.1,2026-01-15 10:53:58.020,DJI_20260115104912_0003_D.MP4,frame_00287.jpg,286,286.0,2026-01-15 10:53:58
2.98922999144284,101.72235921096308,223,-4.1,0.0,19.6,2026-01-15 10:53:59.020,DJI_20260115104912_0003_D.MP4,frame_00288.jpg,287,287.0,2026-01-15 10:53:59
2.98924004939063,101.722363741121,223,-3.3,-1.3,12.7,2026-01-15 10:53:59.960,DJI_20260115104912_0003_D.MP4,frame_00289.jpg,288,288.0,2026-01-15 10:54:00
2.98925138465455,101.72236550254216,224,-6.5,0.4,12.3,2026-01-15 10:54:01.020,DJI_20260115104912_0003_D.MP4,frame_00290.jpg,289,289.0,2026-01-15 10:54:01
2.98926500766929,101.72236784527588,224,-3.5,0.3,12.3,2026-01-15 10:54:02.040,DJI_20260115104912_0003_D.MP4,frame_00291.jpg,290,290.0,2026-01-15 10:54:02
2.98927940309122,101.72237062526798,223,-3.8,-0.1,12.4,2026-01-15 10:54:03.020,DJI_20260115104912_0003_D.MP4,frame_00292.jpg,291,291.0,2026-01-15 10:54:03
2.98929379522339,101.72237415826751,221,-4.0,0.8,13.6,2026-01-15 10:54:04.020,DJI_20260115104912_0003_D.MP4,frame_00293.jpg,292,292.0,2026-01-15 10:54:04
2.98930520971558,101.72237737534638,221,0.2,1.2,27.1,2026-01-15 10:54:04.960,DJI_20260115104912_0003_D.MP4,frame_00294.jpg,293,293.0,2026-01-15 10:54:05
2.98931366651194,101.72238153845436,223,-1.9,0.3,28.2,2026-01-15 10:54:06.020,DJI_20260115104912_0003_D.MP4,frame_00295.jpg,294,294.0,2026-01-15 10:54:06
2.98932054395149,101.72238504197736,224,-2.0,-0.1,24.8,2026-01-15 10:54:07.050,DJI_20260115104912_0003_D.MP4,frame_00296.jpg,295,295.0,2026-01-15 10:54:07
2.98932531608458,101.72238767259644,225,-1.1,-0.7,13.5,2026-01-15 10:54:08.020,DJI_20260115104912_0003_D.MP4,frame_00297.jpg,296,296.0,2026-01-15 10:54:08
2.9893310027697,101.72238928491906,226,-2.6,0.2,12.1,2026-01-15 10:54:09.020,DJI_20260115104912_0003_D.MP4,frame_00298.jpg,297,297.0,2026-01-15 10:54:09
2.98933744212348,101.72239073301034,225,-13.9,-1.5,-2.5,2026-01-15 10:54:09.950,DJI_20260115104912_0003_D.MP4,frame_00299.jpg,298,298.0,2026-01-15 10:54:10
2.98935893176614,101.72239288733778,222,-7.7,1.4,10.2,2026-01-15 10:54:11.020,DJI_20260115104912_0003_D.MP4,frame_00300.jpg,299,299.0,2026-01-15 10:54:11
2.98937699759574,101.7223981907833,220,-1.1,4.4,36.1,2026-01-15 10:54:12.030,DJI_20260115104912_0003_D.MP4,frame_00301.jpg,300,300.0,2026-01-15 10:54:12
2.98938718658546,101.72240604671272,220,-5.1,-0.7,32.3,2026-01-15 10:54:13.020,DJI_20260115104912_0003_D.MP4,frame_00302.jpg,301,301.0,2026-01-15 10:54:13
2.98939961425382,101.72241221125785,219,-4.1,-0.5,28.6,2026-01-15 10:54:14.020,DJI_20260115104912_0003_D.MP4,frame_00303.jpg,302,302.0,2026-01-15 10:54:14
2.98941030116174,101.7224201771324,219,-5.3,-3.1,14.5,2026-01-15 10:54:14.950,DJI_20260115104912_0003_D.MP4,frame_00304.jpg,303,303.0,2026-01-15 10:54:15
2.98942704731961,101.72242355667548,220,-2.0,0.0,11.4,2026-01-15 10:54:16.020,DJI_20260115104912_0003_D.MP4,frame_00305.jpg,304,304.0,2026-01-15 10:54:16
2.98944213475532,101.72242665353184,221,-0.6,0.4,11.6,2026-01-15 10:54:17.040,DJI_20260115104912_0003_D.MP4,frame_00306.jpg,305,305.0,2026-01-15 10:54:17
2.98945373347382,101.72243028350546,222,-1.9,0.6,13.1,2026-01-15 10:54:18.020,DJI_20260115104912_0003_D.MP4,frame_00307.jpg,306,306.0,2026-01-15 10:54:18
2.98946305979369,101.72243247146156,223,-3.0,0.7,14.7,2026-01-15 10:54:19.030,DJI_20260115104912_0003_D.MP4,frame_00308.jpg,307,307.0,2026-01-15 10:54:19
2.9894724716472,101.72243537883078,223,-3.1,0.8,15.2,2026-01-15 10:54:20.020,DJI_20260115104912_0003_D.MP4,frame_00309.jpg,308,308.0,2026-01-15 10:54:20
2.98948137201227,101.72243810505132,224,-1.9,0.4,15.6,2026-01-15 10:54:21.020,DJI_20260115104912_0003_D.MP4,frame_00310.jpg,309,309.0,2026-01-15 10:54:21
2.98948960023915,101.7224406549959,225,-3.3,5.0,44.6,2026-01-15 10:54:22.040,DJI_20260115104912_0003_D.MP4,frame_00311.jpg,310,310.0,2026-01-15 10:54:22
2.98949730703978,101.72244785767148,223,-14.0,-2.2,39.9,2026-01-15 10:54:23.020,DJI_20260115104912_0003_D.MP4,frame_00312.jpg,311,311.0,2026-01-15 10:54:23
2.98951433940638,101.7224627516333,220,-11.2,-2.1,33.8,2026-01-15 10:54:24.030,DJI_20260115104912_0003_D.MP4,frame_00313.jpg,312,312.0,2026-01-15 10:54:24
2.98953600066463,101.72247782303778,219,-4.8,-0.9,28.6,2026-01-15 10:54:25.020,DJI_20260115104912_0003_D.MP4,frame_00314.jpg,313,313.0,2026-01-15 10:54:25
2.98955772538774,101.72248802930169,219,-4.7,-2.7,18.3,2026-01-15 10:54:26.020,DJI_20260115104912_0003_D.MP4,frame_00315.jpg,314,314.0,2026-01-15 10:54:26
2.98957606947582,101.72249230103364,221,-2.1,-1.5,2.6,2026-01-15 10:54:27.030,DJI_20260115104912_0003_D.MP4,frame_00316.jpg,315,315.0,2026-01-15 10:54:27
2.98958921410528,101.72249174948932,223,-1.3,1.6,1.0,2026-01-15 10:54:28.020,DJI_20260115104912_0003_D.MP4,frame_00317.jpg,316,316.0,2026-01-15 10:54:28
2.98960303121559,101.7224895293801,224,-3.7,1.4,1.8,2026-01-15 10:54:29.020,DJI_20260115104912_0003_D.MP4,frame_00318.jpg,317,317.0,2026-01-15 10:54:29
2.98961401187128,101.72248911015426,225,1.7,1.3,3.9,2026-01-15 10:54:29.950,DJI_20260115104912_0003_D.MP4,frame_00319.jpg,318,318.0,2026-01-15 10:54:30
2.98962219328768,101.72248935880044,226,-2.3,1.1,5.5,2026-01-15 10:54:31.020,DJI_20260115104912_0003_D.MP4,frame_00320.jpg,319,319.0,2026-01-15 10:54:31
2.9896283077781,101.72248998340136,227,-2.1,1.0,7.6,2026-01-15 10:54:32.020,DJI_20260115104912_0003_D.MP4,frame_00321.jpg,320,320.0,2026-01-15 10:54:32
2.98963553180711,101.7224904095245,226,-9.5,1.4,9.7,2026-01-15 10:54:32.950,DJI_20260115104912_0003_D.MP4,frame_00322.jpg,321,321.0,2026-01-15 10:54:33
2.9896514873956,101.72249321597342,224,-2.6,2.3,15.5,2026-01-15 10:54:34.020,DJI_20260115104912_0003_D.MP4,frame_00323.jpg,322,322.0,2026-01-15 10:54:34
2.98966494496305,101.72249882561132,223,-2.5,2.2,25.4,2026-01-15 10:54:35.050,DJI_20260115104912_0003_D.MP4,frame_00324.jpg,323,323.0,2026-01-15 10:54:35
2.9896767124186,101.72250422108957,224,3.1,0.3,26.1,2026-01-15 10:54:36.020,DJI_20260115104912_0003_D.MP4,frame_00325.jpg,324,324.0,2026-01-15 10:54:36
2.98967988388,101.72250627868311,224,-2.5,0.1,18.2,2026-01-15 10:54:37.030,DJI_20260115104912_0003_D.MP4,frame_00326.jpg,325,325.0,2026-01-15 10:54:37
2.98968244097957,101.72250656734056,224,-2.2,1.0,11.9,2026-01-15 10:54:38.020,DJI_20260115104912_0003_D.MP4,frame_00327.jpg,326,326.0,2026-01-15 10:54:38
2.98968616278966,101.72250688561182,224,-1.2,1.0,12.3,2026-01-15 10:54:39.020,DJI_20260115104912_0003_D.MP4,frame_00328.jpg,327,327.0,2026-01-15 10:54:39
2.9896905285694,101.72250788280452,224,-1.8,1.6,17.7,2026-01-15 10:54:40.040,DJI_20260115104912_0003_D.MP4,frame_00329.jpg,328,328.0,2026-01-15 10:54:40
2.98969428553876,101.7225099402265,224,-7.4,0.2,23.1,2026-01-15 10:54:41.020,DJI_20260115104912_0003_D.MP4,frame_00330.jpg,329,329.0,2026-01-15 10:54:41
2.98970332674648,101.72251278980931,223,-2.4,-0.1,18.5,2026-01-15 10:54:42.010,DJI_20260115104912_0003_D.MP4,frame_00331.jpg,330,330.0,2026-01-15 10:54:42
2.98971149281069,101.72251515345802,223,-2.5,0.5,15.0,2026-01-15 10:54:42.950,DJI_20260115104912_0003_D.MP4,frame_00332.jpg,331,331.0,2026-01-15 10:54:43
2.98971985667146,101.72251686546564,222,-3.3,0.4,14.9,2026-01-15 10:54:44.020,DJI_20260115104912_0003_D.MP4,frame_00333.jpg,332,332.0,2026-01-15 10:54:44
2.98973083472275,101.7225197589716,222,-6.9,0.3,15.0,2026-01-15 10:54:45.040,DJI_20260115104912_0003_D.MP4,frame_00334.jpg,333,333.0,2026-01-15 10:54:45
2.98974639650009,101.72252413886432,222,-3.3,1.8,18.7,2026-01-15 10:54:46.020,DJI_20260115104912_0003_D.MP4,frame_00335.jpg,334,334.0,2026-01-15 10:54:46
2.98976067520423,101.72252828610162,222,-4.0,1.4,22.0,2026-01-15 10:54:47.020,DJI_20260115104912_0003_D.MP4,frame_00336.jpg,335,335.0,2026-01-15 10:54:47
2.9897716513365,101.72253225706298,222,-4.7,0.9,22.8,2026-01-15 10:54:47.950,DJI_20260115104912_0003_D.MP4,frame_00337.jpg,336,336.0,2026-01-15 10:54:48
2.98978691724144,101.7225400429556,222,-1.1,-0.9,17.7,2026-01-15 10:54:49.020,DJI_20260115104912_0003_D.MP4,frame_00338.jpg,337,337.0,2026-01-15 10:54:49
2.98979943887345,101.7225431148307,222,0.2,-2.0,-1.0,2026-01-15 10:54:50.040,DJI_20260115104912_0003_D.MP4,frame_00339.jpg,338,338.0,2026-01-15 10:54:50
2.98980894530743,101.72254188436492,223,-2.3,-2.6,-35.8,2026-01-15 10:54:51.020,DJI_20260115104912_0003_D.MP4,frame_00340.jpg,339,339.0,2026-01-15 10:54:51
2.98981406827924,101.72253551458203,223,3.4,-4.0,-83.8,2026-01-15 10:54:52.020,DJI_20260115104912_0003_D.MP4,frame_00341.jpg,340,340.0,2026-01-15 10:54:52
2.98981358550761,101.72253126340476,223,2.0,-1.1,-125.4,2026-01-15 10:54:53.040,DJI_20260115104912_0003_D.MP4,frame_00342.jpg,341,341.0,2026-01-15 10:54:53
2.98981410446655,101.72253018903766,223,-0.4,0.0,176.9,2026-01-15 10:54:54.020,DJI_20260115104912_0003_D.MP4,frame_00343.jpg,342,342.0,2026-01-15 10:54:54
2.98981591561404,101.7225305545263,223,0.2,0.1,-156.5,2026-01-15 10:54:55.020,DJI_20260115104912_0003_D.MP4,frame_00344.jpg,343,343.0,2026-01-15 10:54:55
2.98981727770991,101.7225315074184,223,-4.7,0.4,-151.4,2026-01-15 10:54:56.020,DJI_20260115104912_0003_D.MP4,frame_00345.jpg,344,344.0,2026-01-15 10:54:56
2.98981360332712,101.7225287179897,223,-5.6,1.2,-139.2,2026-01-15 10:54:57.020,DJI_20260115104912_0003_D.MP4,frame_00346.jpg,345,345.0,2026-01-15 10:54:57
2.98980696350387,101.72252186395411,222,-2.0,-0.6,-142.2,2026-01-15 10:54:57.950,DJI_20260115104912_0003_D.MP4,frame_00347.jpg,346,346.0,2026-01-15 10:54:58
2.98979780441324,101.72251591511288,222,-6.2,-1.5,-166.6,2026-01-15 10:54:59.020,DJI_20260115104912_0003_D.MP4,frame_00348.jpg,347,347.0,2026-01-15 10:54:59
2.98978461564623,101.72251308320222,222,-4.3,0.1,-169.9,2026-01-15 10:55:00.040,DJI_20260115104912_0003_D.MP4,frame_00349.jpg,348,348.0,2026-01-15 10:55:00
2.98976908827425,101.72251053541947,222,-2.3,0.6,-169.2,2026-01-15 10:55:01.020,DJI_20260115104912_0003_D.MP4,frame_00350.jpg,349,349.0,2026-01-15 10:55:01
2.98975613150354,101.7225075186885,222,-2.1,1.0,-164.3,2026-01-15 10:55:02.020,DJI_20260115104912_0003_D.MP4,frame_00351.jpg,350,350.0,2026-01-15 10:55:02
2.98974529593979,101.72250458431344,222,-2.7,0.9,-158.9,2026-01-15 10:55:03.020,DJI_20260115104912_0003_D.MP4,frame_00352.jpg,351,351.0,2026-01-15 10:55:03
2.98973353163692,101.7224994896744,222,4.5,0.9,-155.3,2026-01-15 10:55:04.020,DJI_20260115104912_0003_D.MP4,frame_00353.jpg,352,352.0,2026-01-15 10:55:04
2.98972794193105,101.72249709606876,222,0.3,-0.2,-154.0,2026-01-15 10:55:05.040,DJI_20260115104912_0003_D.MP4,frame_00354.jpg,353,353.0,2026-01-15 10:55:05
2.98972519443688,101.72249535273158,222,-2.1,-0.2,-154.8,2026-01-15 10:55:06.020,DJI_20260115104912_0003_D.MP4,frame_00355.jpg,354,354.0,2026-01-15 10:55:06
2.98972042367453,101.72249335093414,222,-1.9,0.1,-155.8,2026-01-15 10:55:07.020,DJI_20260115104912_0003_D.MP4,frame_00356.jpg,355,355.0,2026-01-15 10:55:07
2.98971612142819,101.7224908389762,223,-7.3,-1.2,-161.6,2026-01-15 10:55:08.050,DJI_20260115104912_0003_D.MP4,frame_00357.jpg,356,356.0,2026-01-15 10:55:08
2.98970364304277,101.72248745284467,223,-3.5,0.2,-166.1,2026-01-15 10:55:09.020,DJI_20260115104912_0003_D.MP4,frame_00358.jpg,357,357.0,2026-01-15 10:55:09
2.9896884168205,101.72248348860909,223,-3.0,0.8,-164.1,2026-01-15 10:55:10.040,DJI_20260115104912_0003_D.MP4,frame_00359.jpg,358,358.0,2026-01-15 10:55:10
2.98967397260053,101.72247938543217,224,-0.8,0.7,-161.3,2026-01-15 10:55:11.020,DJI_20260115104912_0003_D.MP4,frame_00360.jpg,359,359.0,2026-01-15 10:55:11
2.98966426754756,101.7224767027573,224,9.1,0.0,-161.6,2026-01-15 10:55:12.020,DJI_20260115104912_0003_D.MP4,frame_00361.jpg,360,360.0,2026-01-15 10:55:12
2.98966333414796,101.72247610989776,224,-2.7,-0.3,-161.9,2026-01-15 10:55:13.020,DJI_20260115104912_0003_D.MP4,frame_00362.jpg,361,361.0,2026-01-15 10:55:13
2.98965954078568,101.72247463617322,225,-0.5,-0.3,-161.8,2026-01-15 10:55:14.010,DJI_20260115104912_0003_D.MP4,frame_00363.jpg,362,362.0,2026-01-15 10:55:14
2.98965659652301,101.72247240999027,226,-1.2,-0.6,-161.3,2026-01-15 10:55:15.020,DJI_20260115104912_0003_D.MP4,frame_00364.jpg,363,363.0,2026-01-15 10:55:15
2.9896519901799,101.72247035788708,226,-15.1,0.6,-159.0,2026-01-15 10:55:16.020,DJI_20260115104912_0003_D.MP4,frame_00365.jpg,364,364.0,2026-01-15 10:55:16
2.98963306771167,101.7224600062307,225,-17.4,5.3,-142.5,2026-01-15 10:55:17.040,DJI_20260115104912_0003_D.MP4,frame_00366.jpg,365,365.0,2026-01-15 10:55:17
2.98961105074861,101.7224404969069,222,3.5,4.4,-125.8,2026-01-15 10:55:18.020,DJI_20260115104912_0003_D.MP4,frame_00367.jpg,366,366.0,2026-01-15 10:55:18
2.98960202324821,101.72242474987522,220,-6.1,-4.8,-140.9,2026-01-15 10:55:19.030,DJI_20260115104912_0003_D.MP4,frame_00368.jpg,367,367.0,2026-01-15 10:55:19
2.98958644543331,101.72241569443209,219,-7.6,-8.2,177.2,2026-01-15 10:55:20.020,DJI_20260115104912_0003_D.MP4,frame_00369.jpg,368,368.0,2026-01-15 10:55:20
2.98956586129586,101.72241725452736,220,2.7,0.4,174.9,2026-01-15 10:55:21.020,DJI_20260115104912_0003_D.MP4,frame_00370.jpg,369,369.0,2026-01-15 10:55:21
2.98955100907767,101.72241690056856,222,-4.1,-0.2,173.0,2026-01-15 10:55:22.050,DJI_20260115104912_0003_D.MP4,frame_00371.jpg,370,370.0,2026-01-15 10:55:22
2.98953707538664,101.72241884077064,223,-0.8,-0.4,175.0,2026-01-15 10:55:23.020,DJI_20260115104912_0003_D.MP4,frame_00372.jpg,371,371.0,2026-01-15 10:55:23
2.98952742660219,101.7224196066119,224,0.5,0.3,-170.6,2026-01-15 10:55:24.020,DJI_20260115104912_0003_D.MP4,frame_00373.jpg,372,372.0,2026-01-15 10:55:24
2.98952276666348,101.7224195022944,224,-1.5,-0.6,-171.5,2026-01-15 10:55:25.020,DJI_20260115104912_0003_D.MP4,frame_00374.jpg,373,373.0,2026-01-15 10:55:25
2.98951846194982,101.72241910729493,224,-1.7,-0.6,-170.2,2026-01-15 10:55:26.020,DJI_20260115104912_0003_D.MP4,frame_00375.jpg,374,374.0,2026-01-15 10:55:26
2.98951171616902,101.72241814338774,224,-12.4,-0.8,-169.3,2026-01-15 10:55:27.030,DJI_20260115104912_0003_D.MP4,frame_00376.jpg,375,375.0,2026-01-15 10:55:27
2.98949179669926,101.7224170635646,222,-11.2,-0.5,-170.8,2026-01-15 10:55:28.020,DJI_20260115104912_0003_D.MP4,frame_00377.jpg,376,376.0,2026-01-15 10:55:28
2.98947328565609,101.72241450198725,220,-2.4,-0.2,-169.6,2026-01-15 10:55:29.020,DJI_20260115104912_0003_D.MP4,frame_00378.jpg,377,377.0,2026-01-15 10:55:29
2.98946172052051,101.72241166973348,220,-0.2,0.8,-156.7,2026-01-15 10:55:30.050,DJI_20260115104912_0003_D.MP4,frame_00379.jpg,378,378.0,2026-01-15 10:55:30
2.98945161973736,101.72240732099874,221,-2.2,-0.2,-157.4,2026-01-15 10:55:31.020,DJI_20260115104912_0003_D.MP4,frame_00380.jpg,379,379.0,2026-01-15 10:55:31
2.98944105619526,101.72240265811054,221,-2.3,-1.6,-163.4,2026-01-15 10:55:32.030,DJI_20260115104912_0003_D.MP4,frame_00381.jpg,380,380.0,2026-01-15 10:55:32
2.98943197605877,101.72239882952194,221,-2.8,-0.9,-173.9,2026-01-15 10:55:33.020,DJI_20260115104912_0003_D.MP4,frame_00382.jpg,381,381.0,2026-01-15 10:55:33
2.98942040811319,101.72239826492076,222,-2.6,-0.3,-173.6,2026-01-15 10:55:34.020,DJI_20260115104912_0003_D.MP4,frame_00383.jpg,382,382.0,2026-01-15 10:55:34
2.98940843285475,101.7223980270323,222,-2.7,-0.7,-173.5,2026-01-15 10:55:35.050,DJI_20260115104912_0003_D.MP4,frame_00384.jpg,383,383.0,2026-01-15 10:55:35
2.9893959221886,101.72239660004476,221,-3.3,2.3,-163.1,2026-01-15 10:55:36.020,DJI_20260115104912_0003_D.MP4,frame_00385.jpg,384,384.0,2026-01-15 10:55:36
2.98938586341837,101.72239111457552,221,-1.7,2.4,-128.1,2026-01-15 10:55:37.030,DJI_20260115104912_0003_D.MP4,frame_00386.jpg,385,385.0,2026-01-15 10:55:37
2.98938049659343,101.7223828344274,223,-0.2,0.0,-126.7,2026-01-15 10:55:38.020,DJI_20260115104912_0003_D.MP4,frame_00387.jpg,386,386.0,2026-01-15 10:55:38
2.98937541844454,101.72237770948828,225,-1.2,-2.6,-167.1,2026-01-15 10:55:39.020,DJI_20260115104912_0003_D.MP4,frame_00388.jpg,387,387.0,2026-01-15 10:55:39
2.98937060196829,101.72237693892876,226,0.9,-0.5,-168.2,2026-01-15 10:55:39.950,DJI_20260115104912_0003_D.MP4,frame_00389.jpg,388,388.0,2026-01-15 10:55:40
2.98936749472566,101.7223759719675,226,-0.4,-0.1,-164.6,2026-01-15 10:55:41.020,DJI_20260115104912_0003_D.MP4,frame_00390.jpg,389,389.0,2026-01-15 10:55:41
2.98936445944642,101.7223754454731,227,3.2,-0.5,-163.6,2026-01-15 10:55:42.030,DJI_20260115104912_0003_D.MP4,frame_00391.jpg,390,390.0,2026-01-15 10:55:42
2.98936392924748,101.72237442686784,227,-0.2,-0.4,-164.7,2026-01-15 10:55:43.020,DJI_20260115104912_0003_D.MP4,frame_00392.jpg,391,391.0,2026-01-15 10:55:43
2.98936269572623,101.72237394419363,227,-5.8,-0.4,-166.3,2026-01-15 10:55:44.010,DJI_20260115104912_0003_D.MP4,frame_00393.jpg,392,392.0,2026-01-15 10:55:44
2.98935561596671,101.7223727873506,228,0.4,-0.7,-167.4,2026-01-15 10:55:45.040,DJI_20260115104912_0003_D.MP4,frame_00394.jpg,393,393.0,2026-01-15 10:55:45
2.98935055721368,101.72237188047484,229,3.3,-0.4,-164.3,2026-01-15 10:55:46.020,DJI_20260115104912_0003_D.MP4,frame_00395.jpg,394,394.0,2026-01-15 10:55:46
2.98934863325498,101.7223712392827,229,-3.5,-0.2,-160.9,2026-01-15 10:55:47.030,DJI_20260115104912_0003_D.MP4,frame_00396.jpg,395,395.0,2026-01-15 10:55:47
2.98934272464843,101.72236887041812,228,-5.0,-0.3,-160.0,2026-01-15 10:55:48.020,DJI_20260115104912_0003_D.MP4,frame_00397.jpg,396,396.0,2026-01-15 10:55:48
2.98933361264243,101.7223658332869,228,-1.8,-1.3,-166.4,2026-01-15 10:55:49.020,DJI_20260115104912_0003_D.MP4,frame_00398.jpg,397,397.0,2026-01-15 10:55:49
2.98932441469156,101.7223626772715,227,-1.3,0.0,-168.9,2026-01-15 10:55:50.040,DJI_20260115104912_0003_D.MP4,frame_00399.jpg,398,398.0,2026-01-15 10:55:50
2.98931644594415,101.72236088543012,226,-1.9,1.1,-156.5,2026-01-15 10:55:51.020,DJI_20260115104912_0003_D.MP4,frame_00400.jpg,399,399.0,2026-01-15 10:55:51
2.98930907963321,101.72235804415152,224,-2.6,-1.0,-157.4,2026-01-15 10:55:52.030,DJI_20260115104912_0003_D.MP4,frame_00401.jpg,400,400.0,2026-01-15 10:55:52
2.98930025829082,101.72235436550216,224,-2.4,-1.9,-167.9,2026-01-15 10:55:53.020,DJI_20260115104912_0003_D.MP4,frame_00402.jpg,401,401.0,2026-01-15 10:55:53
2.98929221614073,101.72235271450651,224,-1.4,-0.6,-165.7,2026-01-15 10:55:54.020,DJI_20260115104912_0003_D.MP4,frame_00403.jpg,402,402.0,2026-01-15 10:55:54
2.98928496202417,101.72235075915438,224,-2.5,-0.9,-165.7,2026-01-15 10:55:55.050,DJI_20260115104912_0003_D.MP4,frame_00404.jpg,403,403.0,2026-01-15 10:55:55
2.98927553632627,101.7223484239185,224,-7.1,0.0,-166.9,2026-01-15 10:55:56.020,DJI_20260115104912_0003_D.MP4,frame_00405.jpg,404,404.0,2026-01-15 10:55:56
2.9892618422391,101.7223461596974,223,-3.6,-0.5,-167.0,2026-01-15 10:55:57.030,DJI_20260115104912_0003_D.MP4,frame_00406.jpg,405,405.0,2026-01-15 10:55:57
2.98924645173466,101.72234153954848,222,-3.7,-0.4,-166.9,2026-01-15 10:55:58.020,DJI_20260115104912_0003_D.MP4,frame_00407.jpg,406,406.0,2026-01-15 10:55:58
2.98923220716173,101.72233746226222,222,1.1,0.4,-164.7,2026-01-15 10:55:59.020,DJI_20260115104912_0003_D.MP4,frame_00408.jpg,407,407.0,2026-01-15 10:55:59
2.98922090644025,101.72233375878596,222,-2.7,0.0,-159.8,2026-01-15 10:56:00.040,DJI_20260115104912_0003_D.MP4,frame_00409.jpg,408,408.0,2026-01-15 10:56:00
2.98921051890008,101.72232969984104,223,-3.1,-0.8,-160.5,2026-01-15 10:56:01.020,DJI_20260115104912_0003_D.MP4,frame_00410.jpg,409,409.0,2026-01-15 10:56:01
2.98920054206532,101.7223250459777,222,-4.2,0.2,-163.4,2026-01-15 10:56:02.020,DJI_20260115104912_0003_D.MP4,frame_00411.jpg,410,410.0,2026-01-15 10:56:02
2.98918870432552,101.7223215650168,221,-4.9,0.0,-162.3,2026-01-15 10:56:02.950,DJI_20260115104912_0003_D.MP4,frame_00412.jpg,411,411.0,2026-01-15 10:56:03
2.98917198736423,101.72231519013816,219,-3.4,-0.1,-159.1,2026-01-15 10:56:04.020,DJI_20260115104912_0003_D.MP4,frame_00413.jpg,412,412.0,2026-01-15 10:56:04
2.98915717568543,101.72230839380316,217,-3.5,-0.9,-159.4,2026-01-15 10:56:05.030,DJI_20260115104912_0003_D.MP4,frame_00414.jpg,413,413.0,2026-01-15 10:56:05
2.98914231997187,101.72230395955556,217,-2.9,-1.3,-168.8,2026-01-15 10:56:06.020,DJI_20260115104912_0003_D.MP4,frame_00415.jpg,414,414.0,2026-01-15 10:56:06
2.98912841475779,101.72230135038336,218,-3.3,0.0,-163.7,2026-01-15 10:56:07.020,DJI_20260115104912_0003_D.MP4,frame_00416.jpg,415,415.0,2026-01-15 10:56:07
2.98911454830113,101.722297778728,218,-4.6,-0.2,-164.2,2026-01-15 10:56:08.050,DJI_20260115104912_0003_D.MP4,frame_00417.jpg,416,416.0,2026-01-15 10:56:08
2.98909915210816,101.72229350670436,218,-2.9,-0.8,-165.9,2026-01-15 10:56:09.020,DJI_20260115104912_0003_D.MP4,frame_00418.jpg,417,417.0,2026-01-15 10:56:09
2.98908480027549,101.72228986200962,218,2.0,1.7,-154.7,2026-01-15 10:56:10.020,DJI_20260115104912_0003_D.MP4,frame_00419.jpg,418,418.0,2026-01-15 10:56:10
2.98907697912159,101.7222855640267,218,-2.5,-0.3,-152.9,2026-01-15 10:56:10.950,DJI_20260115104912_0003_D.MP4,frame_00420.jpg,419,419.0,2026-01-15 10:56:11
2.98906776139792,101.72228202207096,219,-2.5,-0.4,-155.4,2026-01-15 10:56:12.020,DJI_20260115104912_0003_D.MP4,frame_00421.jpg,420,420.0,2026-01-15 10:56:12
2.98905854285182,101.72227802575084,219,-2.5,-1.8,-165.7,2026-01-15 10:56:13.040,DJI_20260115104912_0003_D.MP4,frame_00422.jpg,421,421.0,2026-01-15 10:56:13
2.98904903100344,101.72227570913078,219,-16.3,-0.9,-172.3,2026-01-15 10:56:14.020,DJI_20260115104912_0003_D.MP4,frame_00423.jpg,422,422.0,2026-01-15 10:56:14
2.98902150428242,101.72227207392416,219,-12.2,1.6,-169.1,2026-01-15 10:56:15.020,DJI_20260115104912_0003_D.MP4,frame_00424.jpg,423,423.0,2026-01-15 10:56:15
2.98899286346513,101.7222634102206,217,-3.9,8.0,-144.3,2026-01-15 10:56:15.950,DJI_20260115104912_0003_D.MP4,frame_00425.jpg,424,424.0,2026-01-15 10:56:16
2.98897542762372,101.7222422833754,216,-6.1,13.9,-83.1,2026-01-15 10:56:17.020,DJI_20260115104912_0003_D.MP4,frame_00426.jpg,425,425.0,2026-01-15 10:56:17
2.98898087460218,101.72222626460356,215,3.3,11.3,-23.3,2026-01-15 10:56:18.030,DJI_20260115104912_0003_D.MP4,frame_00427.jpg,426,426.0,2026-01-15 10:56:18
2.9889850749689,101.72222936425663,214,9.6,-0.9,25.8,2026-01-15 10:56:19.020,DJI_20260115104912_0003_D.MP4,frame_00428.jpg,427,427.0,2026-01-15 10:56:19
2.98898443709901,101.72223037731143,214,-16.6,-0.6,27.6,2026-01-15 10:56:20.020,DJI_20260115104912_0003_D.MP4,frame_00429.jpg,428,428.0,2026-01-15 10:56:20
2.98899269966272,101.722234430114,212,7.0,8.9,84.7,2026-01-15 10:56:21.040,DJI_20260115104912_0003_D.MP4,frame_00430.jpg,429,429.0,2026-01-15 10:56:21
2.98899099642606,101.72223303684083,212,-1.8,-0.1,70.4,2026-01-15 10:56:22.020,DJI_20260115104912_0003_D.MP4,frame_00431.jpg,430,430.0,2026-01-15 10:56:22
2.98898990110881,101.72223316742644,212,-0.7,-0.4,-30.5,2026-01-15 10:56:23.020,DJI_20260115104912_0003_D.MP4,frame_00432.jpg,431,431.0,2026-01-15 10:56:23
2.98899115073615,101.72223148642236,212,-10.6,-0.7,-51.8,2026-01-15 10:56:23.950,DJI_20260115104912_0003_D.MP4,frame_00433.jpg,432,432.0,2026-01-15 10:56:24
2.98899898145091,101.72221863355722,215,1.2,1.4,-54.4,2026-01-15 10:56:25.020,DJI_20260115104912_0003_D.MP4,frame_00434.jpg,433,433.0,2026-01-15 10:56:25
2.98900550668101,101.7222094042745,217,5.0,3.9,-32.6,2026-01-15 10:56:26.040,DJI_20260115104912_0003_D.MP4,frame_00435.jpg,434,434.0,2026-01-15 10:56:26
2.98900873180656,101.72220725859442,218,5.0,2.1,0.3,2026-01-15 10:56:27.020,DJI_20260115104912_0003_D.MP4,frame_00436.jpg,435,435.0,2026-01-15 10:56:27
2.98900834930394,101.7222071222182,218,-4.4,0.5,18.5,2026-01-15 10:56:28.030,DJI_20260115104912_0003_D.MP4,frame_00437.jpg,436,436.0,2026-01-15 10:56:28
2.98901230307607,101.72220908157662,218,-7.5,1.8,43.3,2026-01-15 10:56:29.020,DJI_20260115104912_0003_D.MP4,frame_00438.jpg,437,437.0,2026-01-15 10:56:29
2.98901988983489,101.72221609329802,217,-6.7,-2.6,24.7,2026-01-15 10:56:30.010,DJI_20260115104912_0003_D.MP4,frame_00439.jpg,438,438.0,2026-01-15 10:56:30
2.98903138424073,101.72222181232344,216,-2.1,-0.2,16.9,2026-01-15 10:56:31.050,DJI_20260115104912_0003_D.MP4,frame_00440.jpg,439,439.0,2026-01-15 10:56:31
2.9890421129217,101.7222248782449,216,-3.4,0.7,17.2,2026-01-15 10:56:32.020,DJI_20260115104912_0003_D.MP4,frame_00441.jpg,440,440.0,2026-01-15 10:56:32
2.98905289660327,101.72222751341926,216,-3.2,0.6,17.2,2026-01-15 10:56:33.030,DJI_20260115104912_0003_D.MP4,frame_00442.jpg,441,441.0,2026-01-15 10:56:33
2.98906338725672,101.72223048940982,216,-1.7,0.2,16.2,2026-01-15 10:56:34.020,DJI_20260115104912_0003_D.MP4,frame_00443.jpg,442,442.0,2026-01-15 10:56:34
2.98907162168616,101.72223271783182,215,-1.3,0.7,13.5,2026-01-15 10:56:35.020,DJI_20260115104912_0003_D.MP4,frame_00444.jpg,443,443.0,2026-01-15 10:56:35
2.98907832816124,101.72223491024027,216,-2.1,1.0,15.4,2026-01-15 10:56:36.040,DJI_20260115104912_0003_D.MP4,frame_00445.jpg,444,444.0,2026-01-15 10:56:36
2.98908454271505,101.72223730266208,216,-2.4,0.1,23.5,2026-01-15 10:56:37.020,DJI_20260115104912_0003_D.MP4,frame_00446.jpg,445,445.0,2026-01-15 10:56:37
2.98909064353242,101.72224024354844,216,-8.9,-0.8,17.6,2026-01-15 10:56:38.020,DJI_20260115104912_0003_D.MP4,frame_00447.jpg,446,446.0,2026-01-15 10:56:38
2.98910571948825,101.72224370432356,216,-0.3,1.3,15.3,2026-01-15 10:56:39.040,DJI_20260115104912_0003_D.MP4,frame_00448.jpg,447,447.0,2026-01-15 10:56:39
2.98911940062201,101.72224757066718,216,0.0,1.7,19.6,2026-01-15 10:56:40.020,DJI_20260115104912_0003_D.MP4,frame_00449.jpg,448,448.0,2026-01-15 10:56:40
2.98912866124957,101.72225129168696,215,-2.9,0.9,25.5,2026-01-15 10:56:41.030,DJI_20260115104912_0003_D.MP4,frame_00450.jpg,449,449.0,2026-01-15 10:56:41
2.98913729277992,101.72225601199266,215,-2.3,1.2,25.0,2026-01-15 10:56:42.020,DJI_20260115104912_0003_D.MP4,frame_00451.jpg,450,450.0,2026-01-15 10:56:42
2.98914606813428,101.7222592107216,215,-4.1,0.8,20.6,2026-01-15 10:56:43.020,DJI_20260115104912_0003_D.MP4,frame_00452.jpg,451,451.0,2026-01-15 10:56:43
2.98915734942564,101.72226322857436,216,-5.5,1.0,19.4,2026-01-15 10:56:44.050,DJI_20260115104912_0003_D.MP4,frame_00453.jpg,452,452.0,2026-01-15 10:56:44
2.98916978322802,101.72226687622016,216,-2.4,-0.2,12.5,2026-01-15 10:56:45.020,DJI_20260115104912_0003_D.MP4,frame_00454.jpg,453,453.0,2026-01-15 10:56:45
2.98918011432833,101.72226926068087,215,-4.1,0.1,4.9,2026-01-15 10:56:46.030,DJI_20260115104912_0003_D.MP4,frame_00455.jpg,454,454.0,2026-01-15 10:56:46
2.98919208996372,101.722270468413,214,-4.4,2.3,7.9,2026-01-15 10:56:47.020,DJI_20260115104912_0003_D.MP4,frame_00456.jpg,455,455.0,2026-01-15 10:56:47
2.98920557741312,101.72227371061042,215,-1.1,3.9,25.4,2026-01-15 10:56:48.020,DJI_20260115104912_0003_D.MP4,frame_00457.jpg,456,456.0,2026-01-15 10:56:48
2.98921387232609,101.72227903704696,215,-2.4,0.1,35.0,2026-01-15 10:56:48.950,DJI_20260115104912_0003_D.MP4,frame_00458.jpg,457,457.0,2026-01-15 10:56:49
2.98922206950591,101.7222832783416,217,-2.4,-0.1,27.9,2026-01-15 10:56:50.020,DJI_20260115104912_0003_D.MP4,frame_00459.jpg,458,458.0,2026-01-15 10:56:50
2.98923085191952,101.7222863294047,218,-2.4,0.1,12.8,2026-01-15 10:56:51.030,DJI_20260115104912_0003_D.MP4,frame_00460.jpg,459,459.0,2026-01-15 10:56:51
